genome	sequence_ID	ec_number	compound_name	target_SMILES	query_SMILES	similarity
TARA_ARC_108_MAG_00080	TARA_ARC_108_MAG_00080_000000000005_5	3.2.1.28	glc-D	OC[C@H]1OC(O)[C@H](O)[C@@H](O)[C@@H]1O	C(C1C(C(C(C(O1)O)O)O)O)O	1.0
TARA_ARC_108_MAG_00080	TARA_ARC_108_MAG_00080_000000000005_5	3.2.1.28	glc-D-B	OC[C@H]1O[C@@H](O)[C@H](O)[C@@H](O)[C@@H]1O	C(C1C(C(C(C(O1)O)O)O)O)O	1.0
TARA_ARC_108_MAG_00080	TARA_ARC_108_MAG_00080_000000000005_5	3.2.1.28	alpha-D-Glucose	OC[C@H]1O[C@H](O)[C@H](O)[C@@H](O)[C@@H]1O	C(C1C(C(C(C(O1)O)O)O)O)O	1.0
TARA_ARC_108_MAG_00080	TARA_ARC_108_MAG_00080_000000000198_1	3.2.1.28	glc-D	OC[C@H]1OC(O)[C@H](O)[C@@H](O)[C@@H]1O	C(C1C(C(C(C(O1)O)O)O)O)O	1.0
TARA_ARC_108_MAG_00080	TARA_ARC_108_MAG_00080_000000000198_1	3.2.1.28	glc-D-B	OC[C@H]1O[C@@H](O)[C@H](O)[C@@H](O)[C@@H]1O	C(C1C(C(C(C(O1)O)O)O)O)O	1.0
TARA_ARC_108_MAG_00080	TARA_ARC_108_MAG_00080_000000000198_1	3.2.1.28	alpha-D-Glucose	OC[C@H]1O[C@H](O)[C@H](O)[C@@H](O)[C@@H]1O	C(C1C(C(C(C(O1)O)O)O)O)O	1.0
TARA_ARC_108_MAG_00080	TARA_ARC_108_MAG_00080_000000000012_1	2.4.1.18	glc-D	OC[C@H]1OC(O)[C@H](O)[C@@H](O)[C@@H]1O	C(C1C(C(C(C(O1)O)O)O)O)O	1.0
TARA_ARC_108_MAG_00080	TARA_ARC_108_MAG_00080_000000000173_4	2.4.1.18	glc-D	OC[C@H]1OC(O)[C@H](O)[C@@H](O)[C@@H]1O	C(C1C(C(C(C(O1)O)O)O)O)O	1.0
TARA_ARC_108_MAG_00080	TARA_ARC_108_MAG_00080_000000000375_4	2.4.1.18	glc-D	OC[C@H]1OC(O)[C@H](O)[C@@H](O)[C@@H]1O	C(C1C(C(C(C(O1)O)O)O)O)O	1.0
TARA_ARC_108_MAG_00201	TARA_ARC_108_MAG_00201_000000000149_7	2.4.1.18	glc-D	OC[C@H]1OC(O)[C@H](O)[C@@H](O)[C@@H]1O	C(C1C(C(C(C(O1)O)O)O)O)O	1.0
TARA_ARC_108_MAG_00179	TARA_ARC_108_MAG_00179_000000000288_1	2.4.1.18	glc-D	OC[C@H]1OC(O)[C@H](O)[C@@H](O)[C@@H]1O	C(C1C(C(C(C(O1)O)O)O)O)O	1.0
TARA_ARC_108_MAG_00179	TARA_ARC_108_MAG_00179_000000000405_1	2.4.1.18	glc-D	OC[C@H]1OC(O)[C@H](O)[C@@H](O)[C@@H]1O	C(C1C(C(C(C(O1)O)O)O)O)O	1.0
TARA_ARC_108_MAG_00174	TARA_ARC_108_MAG_00174_000000000048_33	2.4.1.18	glc-D	OC[C@H]1OC(O)[C@H](O)[C@@H](O)[C@@H]1O	C(C1C(C(C(C(O1)O)O)O)O)O	1.0
TARA_ARC_108_MAG_00080	TARA_ARC_108_MAG_00080_000000000012_2	1.1.5.2	glc-D	OC[C@H]1OC(O)[C@H](O)[C@@H](O)[C@@H]1O	C(C1C(C(C(C(O1)O)O)O)O)O	1.0
TARA_ARC_108_MAG_00080	TARA_ARC_108_MAG_00080_000000000012_2	1.1.5.2	glc-D-B	OC[C@H]1O[C@@H](O)[C@H](O)[C@@H](O)[C@@H]1O	C(C1C(C(C(C(O1)O)O)O)O)O	1.0
TARA_ARC_108_MAG_00083	TARA_ARC_108_MAG_00083_000000000039_21	1.1.5.2	glc-D	OC[C@H]1OC(O)[C@H](O)[C@@H](O)[C@@H]1O	C(C1C(C(C(C(O1)O)O)O)O)O	1.0
TARA_ARC_108_MAG_00083	TARA_ARC_108_MAG_00083_000000000039_21	1.1.5.2	glc-D-B	OC[C@H]1O[C@@H](O)[C@H](O)[C@@H](O)[C@@H]1O	C(C1C(C(C(C(O1)O)O)O)O)O	1.0
TARA_ARC_108_MAG_00080	TARA_ARC_108_MAG_00080_000000000013_26	5.1.3.3	glc-D	OC[C@H]1OC(O)[C@H](O)[C@@H](O)[C@@H]1O	C(C1C(C(C(C(O1)O)O)O)O)O	1.0
TARA_ARC_108_MAG_00080	TARA_ARC_108_MAG_00080_000000000013_26	5.1.3.3	glc-D-B	OC[C@H]1O[C@@H](O)[C@H](O)[C@@H](O)[C@@H]1O	C(C1C(C(C(C(O1)O)O)O)O)O	1.0
TARA_ARC_108_MAG_00080	TARA_ARC_108_MAG_00080_000000000013_26	5.1.3.3	gal	OC[C@H]1OC(O)[C@H](O)[C@@H](O)[C@H]1O	C(C1C(C(C(C(O1)O)O)O)O)O	1.0
TARA_ARC_108_MAG_00080	TARA_ARC_108_MAG_00080_000000000013_26	5.1.3.3	cll_199	OC[C@H]1O[C@@H](O)[C@H](O)[C@@H](O)[C@H]1O	C(C1C(C(C(C(O1)O)O)O)O)O	1.0
TARA_ARC_108_MAG_00080	TARA_ARC_108_MAG_00080_000000000013_26	5.1.3.3	alpha-D-Galactose	OC[C@H]1O[C@H](O)[C@H](O)[C@@H](O)[C@H]1O	C(C1C(C(C(C(O1)O)O)O)O)O	1.0
TARA_ARC_108_MAG_00080	TARA_ARC_108_MAG_00080_000000000013_26	5.1.3.3	alpha-D-Glucose	OC[C@H]1O[C@H](O)[C@H](O)[C@@H](O)[C@@H]1O	C(C1C(C(C(C(O1)O)O)O)O)O	1.0
TARA_ARC_108_MAG_00139	TARA_ARC_108_MAG_00139_000000000115_6	5.1.3.3	glc-D	OC[C@H]1OC(O)[C@H](O)[C@@H](O)[C@@H]1O	C(C1C(C(C(C(O1)O)O)O)O)O	1.0
TARA_ARC_108_MAG_00139	TARA_ARC_108_MAG_00139_000000000115_6	5.1.3.3	glc-D-B	OC[C@H]1O[C@@H](O)[C@H](O)[C@@H](O)[C@@H]1O	C(C1C(C(C(C(O1)O)O)O)O)O	1.0
TARA_ARC_108_MAG_00139	TARA_ARC_108_MAG_00139_000000000115_6	5.1.3.3	gal	OC[C@H]1OC(O)[C@H](O)[C@@H](O)[C@H]1O	C(C1C(C(C(C(O1)O)O)O)O)O	1.0
TARA_ARC_108_MAG_00139	TARA_ARC_108_MAG_00139_000000000115_6	5.1.3.3	cll_199	OC[C@H]1O[C@@H](O)[C@H](O)[C@@H](O)[C@H]1O	C(C1C(C(C(C(O1)O)O)O)O)O	1.0
TARA_ARC_108_MAG_00139	TARA_ARC_108_MAG_00139_000000000115_6	5.1.3.3	alpha-D-Galactose	OC[C@H]1O[C@H](O)[C@H](O)[C@@H](O)[C@H]1O	C(C1C(C(C(C(O1)O)O)O)O)O	1.0
TARA_ARC_108_MAG_00139	TARA_ARC_108_MAG_00139_000000000115_6	5.1.3.3	alpha-D-Glucose	OC[C@H]1O[C@H](O)[C@H](O)[C@@H](O)[C@@H]1O	C(C1C(C(C(C(O1)O)O)O)O)O	1.0
TARA_ARC_108_MAG_00117	TARA_ARC_108_MAG_00117_000000000322_18	5.1.3.3	glc-D	OC[C@H]1OC(O)[C@H](O)[C@@H](O)[C@@H]1O	C(C1C(C(C(C(O1)O)O)O)O)O	1.0
TARA_ARC_108_MAG_00117	TARA_ARC_108_MAG_00117_000000000322_18	5.1.3.3	glc-D-B	OC[C@H]1O[C@@H](O)[C@H](O)[C@@H](O)[C@@H]1O	C(C1C(C(C(C(O1)O)O)O)O)O	1.0
TARA_ARC_108_MAG_00117	TARA_ARC_108_MAG_00117_000000000322_18	5.1.3.3	gal	OC[C@H]1OC(O)[C@H](O)[C@@H](O)[C@H]1O	C(C1C(C(C(C(O1)O)O)O)O)O	1.0
TARA_ARC_108_MAG_00117	TARA_ARC_108_MAG_00117_000000000322_18	5.1.3.3	cll_199	OC[C@H]1O[C@@H](O)[C@H](O)[C@@H](O)[C@H]1O	C(C1C(C(C(C(O1)O)O)O)O)O	1.0
TARA_ARC_108_MAG_00117	TARA_ARC_108_MAG_00117_000000000322_18	5.1.3.3	alpha-D-Galactose	OC[C@H]1O[C@H](O)[C@H](O)[C@@H](O)[C@H]1O	C(C1C(C(C(C(O1)O)O)O)O)O	1.0
TARA_ARC_108_MAG_00117	TARA_ARC_108_MAG_00117_000000000322_18	5.1.3.3	alpha-D-Glucose	OC[C@H]1O[C@H](O)[C@H](O)[C@@H](O)[C@@H]1O	C(C1C(C(C(C(O1)O)O)O)O)O	1.0
TARA_ARC_108_MAG_00201	TARA_ARC_108_MAG_00201_000000000040_9	5.1.3.3	glc-D	OC[C@H]1OC(O)[C@H](O)[C@@H](O)[C@@H]1O	C(C1C(C(C(C(O1)O)O)O)O)O	1.0
TARA_ARC_108_MAG_00201	TARA_ARC_108_MAG_00201_000000000040_9	5.1.3.3	glc-D-B	OC[C@H]1O[C@@H](O)[C@H](O)[C@@H](O)[C@@H]1O	C(C1C(C(C(C(O1)O)O)O)O)O	1.0
TARA_ARC_108_MAG_00201	TARA_ARC_108_MAG_00201_000000000040_9	5.1.3.3	gal	OC[C@H]1OC(O)[C@H](O)[C@@H](O)[C@H]1O	C(C1C(C(C(C(O1)O)O)O)O)O	1.0
TARA_ARC_108_MAG_00201	TARA_ARC_108_MAG_00201_000000000040_9	5.1.3.3	cll_199	OC[C@H]1O[C@@H](O)[C@H](O)[C@@H](O)[C@H]1O	C(C1C(C(C(C(O1)O)O)O)O)O	1.0
TARA_ARC_108_MAG_00201	TARA_ARC_108_MAG_00201_000000000040_9	5.1.3.3	alpha-D-Galactose	OC[C@H]1O[C@H](O)[C@H](O)[C@@H](O)[C@H]1O	C(C1C(C(C(C(O1)O)O)O)O)O	1.0
TARA_ARC_108_MAG_00201	TARA_ARC_108_MAG_00201_000000000040_9	5.1.3.3	alpha-D-Glucose	OC[C@H]1O[C@H](O)[C@H](O)[C@@H](O)[C@@H]1O	C(C1C(C(C(C(O1)O)O)O)O)O	1.0
TARA_ARC_108_MAG_00179	TARA_ARC_108_MAG_00179_000000000400_23	5.1.3.3	glc-D	OC[C@H]1OC(O)[C@H](O)[C@@H](O)[C@@H]1O	C(C1C(C(C(C(O1)O)O)O)O)O	1.0
TARA_ARC_108_MAG_00179	TARA_ARC_108_MAG_00179_000000000400_23	5.1.3.3	glc-D-B	OC[C@H]1O[C@@H](O)[C@H](O)[C@@H](O)[C@@H]1O	C(C1C(C(C(C(O1)O)O)O)O)O	1.0
TARA_ARC_108_MAG_00179	TARA_ARC_108_MAG_00179_000000000400_23	5.1.3.3	gal	OC[C@H]1OC(O)[C@H](O)[C@@H](O)[C@H]1O	C(C1C(C(C(C(O1)O)O)O)O)O	1.0
TARA_ARC_108_MAG_00179	TARA_ARC_108_MAG_00179_000000000400_23	5.1.3.3	cll_199	OC[C@H]1O[C@@H](O)[C@H](O)[C@@H](O)[C@H]1O	C(C1C(C(C(C(O1)O)O)O)O)O	1.0
TARA_ARC_108_MAG_00179	TARA_ARC_108_MAG_00179_000000000400_23	5.1.3.3	alpha-D-Galactose	OC[C@H]1O[C@H](O)[C@H](O)[C@@H](O)[C@H]1O	C(C1C(C(C(C(O1)O)O)O)O)O	1.0
TARA_ARC_108_MAG_00179	TARA_ARC_108_MAG_00179_000000000400_23	5.1.3.3	alpha-D-Glucose	OC[C@H]1O[C@H](O)[C@H](O)[C@@H](O)[C@@H]1O	C(C1C(C(C(C(O1)O)O)O)O)O	1.0
TARA_ARC_108_MAG_00080	TARA_ARC_108_MAG_00080_000000000013_28	2.7.1.6	gal	OC[C@H]1OC(O)[C@H](O)[C@@H](O)[C@H]1O	C(C1C(C(C(C(O1)O)O)O)O)O	1.0
TARA_ARC_108_MAG_00080	TARA_ARC_108_MAG_00080_000000000013_28	2.7.1.6	cll_199	OC[C@H]1O[C@@H](O)[C@H](O)[C@@H](O)[C@H]1O	C(C1C(C(C(C(O1)O)O)O)O)O	1.0
TARA_ARC_108_MAG_00080	TARA_ARC_108_MAG_00080_000000000013_28	2.7.1.6	alpha-D-Galactose	OC[C@H]1O[C@H](O)[C@H](O)[C@@H](O)[C@H]1O	C(C1C(C(C(C(O1)O)O)O)O)O	1.0
TARA_ARC_108_MAG_00201	TARA_ARC_108_MAG_00201_000000000040_10	2.7.1.6	gal	OC[C@H]1OC(O)[C@H](O)[C@@H](O)[C@H]1O	C(C1C(C(C(C(O1)O)O)O)O)O	1.0
TARA_ARC_108_MAG_00201	TARA_ARC_108_MAG_00201_000000000040_10	2.7.1.6	cll_199	OC[C@H]1O[C@@H](O)[C@H](O)[C@@H](O)[C@H]1O	C(C1C(C(C(C(O1)O)O)O)O)O	1.0
TARA_ARC_108_MAG_00201	TARA_ARC_108_MAG_00201_000000000040_10	2.7.1.6	alpha-D-Galactose	OC[C@H]1O[C@H](O)[C@H](O)[C@@H](O)[C@H]1O	C(C1C(C(C(C(O1)O)O)O)O)O	1.0
TARA_ARC_108_MAG_00179	TARA_ARC_108_MAG_00179_000000000400_25	2.7.1.6	gal	OC[C@H]1OC(O)[C@H](O)[C@@H](O)[C@H]1O	C(C1C(C(C(C(O1)O)O)O)O)O	1.0
TARA_ARC_108_MAG_00179	TARA_ARC_108_MAG_00179_000000000400_25	2.7.1.6	cll_199	OC[C@H]1O[C@@H](O)[C@H](O)[C@@H](O)[C@H]1O	C(C1C(C(C(C(O1)O)O)O)O)O	1.0
TARA_ARC_108_MAG_00179	TARA_ARC_108_MAG_00179_000000000400_25	2.7.1.6	alpha-D-Galactose	OC[C@H]1O[C@H](O)[C@H](O)[C@@H](O)[C@H]1O	C(C1C(C(C(C(O1)O)O)O)O)O	1.0
TARA_ARC_108_MAG_00080	TARA_ARC_108_MAG_00080_000000000013_52	3.2.1.22	glc-D	OC[C@H]1OC(O)[C@H](O)[C@@H](O)[C@@H]1O	C(C1C(C(C(C(O1)O)O)O)O)O	1.0
TARA_ARC_108_MAG_00080	TARA_ARC_108_MAG_00080_000000000013_52	3.2.1.22	glc-D-B	OC[C@H]1O[C@@H](O)[C@H](O)[C@@H](O)[C@@H]1O	C(C1C(C(C(C(O1)O)O)O)O)O	1.0
TARA_ARC_108_MAG_00080	TARA_ARC_108_MAG_00080_000000000013_52	3.2.1.22	man	OC[C@H]1OC(O)[C@@H](O)[C@@H](O)[C@@H]1O	C(C1C(C(C(C(O1)O)O)O)O)O	1.0
TARA_ARC_108_MAG_00080	TARA_ARC_108_MAG_00080_000000000013_52	3.2.1.22	gal	OC[C@H]1OC(O)[C@H](O)[C@@H](O)[C@H]1O	C(C1C(C(C(C(O1)O)O)O)O)O	1.0
TARA_ARC_108_MAG_00080	TARA_ARC_108_MAG_00080_000000000013_52	3.2.1.22	cll_199	OC[C@H]1O[C@@H](O)[C@H](O)[C@@H](O)[C@H]1O	C(C1C(C(C(C(O1)O)O)O)O)O	1.0
TARA_ARC_108_MAG_00080	TARA_ARC_108_MAG_00080_000000000013_52	3.2.1.22	alpha-D-Galactose	OC[C@H]1O[C@H](O)[C@H](O)[C@@H](O)[C@H]1O	C(C1C(C(C(C(O1)O)O)O)O)O	1.0
TARA_ARC_108_MAG_00080	TARA_ARC_108_MAG_00080_000000000013_52	3.2.1.22	alpha-D-Glucose	OC[C@H]1O[C@H](O)[C@H](O)[C@@H](O)[C@@H]1O	C(C1C(C(C(C(O1)O)O)O)O)O	1.0
TARA_ARC_108_MAG_00080	TARA_ARC_108_MAG_00080_000000000013_52	3.2.1.22	alpha-D-Mannose	OC[C@H]1O[C@H](O)[C@@H](O)[C@@H](O)[C@@H]1O	C(C1C(C(C(C(O1)O)O)O)O)O	1.0
TARA_ARC_108_MAG_00139	TARA_ARC_108_MAG_00139_000000000285_2	3.2.1.22	glc-D	OC[C@H]1OC(O)[C@H](O)[C@@H](O)[C@@H]1O	C(C1C(C(C(C(O1)O)O)O)O)O	1.0
TARA_ARC_108_MAG_00139	TARA_ARC_108_MAG_00139_000000000285_2	3.2.1.22	glc-D-B	OC[C@H]1O[C@@H](O)[C@H](O)[C@@H](O)[C@@H]1O	C(C1C(C(C(C(O1)O)O)O)O)O	1.0
TARA_ARC_108_MAG_00139	TARA_ARC_108_MAG_00139_000000000285_2	3.2.1.22	man	OC[C@H]1OC(O)[C@@H](O)[C@@H](O)[C@@H]1O	C(C1C(C(C(C(O1)O)O)O)O)O	1.0
TARA_ARC_108_MAG_00139	TARA_ARC_108_MAG_00139_000000000285_2	3.2.1.22	gal	OC[C@H]1OC(O)[C@H](O)[C@@H](O)[C@H]1O	C(C1C(C(C(C(O1)O)O)O)O)O	1.0
TARA_ARC_108_MAG_00139	TARA_ARC_108_MAG_00139_000000000285_2	3.2.1.22	cll_199	OC[C@H]1O[C@@H](O)[C@H](O)[C@@H](O)[C@H]1O	C(C1C(C(C(C(O1)O)O)O)O)O	1.0
TARA_ARC_108_MAG_00139	TARA_ARC_108_MAG_00139_000000000285_2	3.2.1.22	alpha-D-Galactose	OC[C@H]1O[C@H](O)[C@H](O)[C@@H](O)[C@H]1O	C(C1C(C(C(C(O1)O)O)O)O)O	1.0
TARA_ARC_108_MAG_00139	TARA_ARC_108_MAG_00139_000000000285_2	3.2.1.22	alpha-D-Glucose	OC[C@H]1O[C@H](O)[C@H](O)[C@@H](O)[C@@H]1O	C(C1C(C(C(C(O1)O)O)O)O)O	1.0
TARA_ARC_108_MAG_00139	TARA_ARC_108_MAG_00139_000000000285_2	3.2.1.22	alpha-D-Mannose	OC[C@H]1O[C@H](O)[C@@H](O)[C@@H](O)[C@@H]1O	C(C1C(C(C(C(O1)O)O)O)O)O	1.0
TARA_ARC_108_MAG_00117	TARA_ARC_108_MAG_00117_000000000022_34	3.2.1.22	glc-D	OC[C@H]1OC(O)[C@H](O)[C@@H](O)[C@@H]1O	C(C1C(C(C(C(O1)O)O)O)O)O	1.0
TARA_ARC_108_MAG_00117	TARA_ARC_108_MAG_00117_000000000022_34	3.2.1.22	glc-D-B	OC[C@H]1O[C@@H](O)[C@H](O)[C@@H](O)[C@@H]1O	C(C1C(C(C(C(O1)O)O)O)O)O	1.0
TARA_ARC_108_MAG_00117	TARA_ARC_108_MAG_00117_000000000022_34	3.2.1.22	man	OC[C@H]1OC(O)[C@@H](O)[C@@H](O)[C@@H]1O	C(C1C(C(C(C(O1)O)O)O)O)O	1.0
TARA_ARC_108_MAG_00117	TARA_ARC_108_MAG_00117_000000000022_34	3.2.1.22	gal	OC[C@H]1OC(O)[C@H](O)[C@@H](O)[C@H]1O	C(C1C(C(C(C(O1)O)O)O)O)O	1.0
TARA_ARC_108_MAG_00117	TARA_ARC_108_MAG_00117_000000000022_34	3.2.1.22	cll_199	OC[C@H]1O[C@@H](O)[C@H](O)[C@@H](O)[C@H]1O	C(C1C(C(C(C(O1)O)O)O)O)O	1.0
TARA_ARC_108_MAG_00117	TARA_ARC_108_MAG_00117_000000000022_34	3.2.1.22	alpha-D-Galactose	OC[C@H]1O[C@H](O)[C@H](O)[C@@H](O)[C@H]1O	C(C1C(C(C(C(O1)O)O)O)O)O	1.0
TARA_ARC_108_MAG_00117	TARA_ARC_108_MAG_00117_000000000022_34	3.2.1.22	alpha-D-Glucose	OC[C@H]1O[C@H](O)[C@H](O)[C@@H](O)[C@@H]1O	C(C1C(C(C(C(O1)O)O)O)O)O	1.0
TARA_ARC_108_MAG_00117	TARA_ARC_108_MAG_00117_000000000022_34	3.2.1.22	alpha-D-Mannose	OC[C@H]1O[C@H](O)[C@@H](O)[C@@H](O)[C@@H]1O	C(C1C(C(C(C(O1)O)O)O)O)O	1.0
TARA_ARC_108_MAG_00080	TARA_ARC_108_MAG_00080_000000000024_1	3.2.1.23	glc-D	OC[C@H]1OC(O)[C@H](O)[C@@H](O)[C@@H]1O	C(C1C(C(C(C(O1)O)O)O)O)O	1.0
TARA_ARC_108_MAG_00080	TARA_ARC_108_MAG_00080_000000000024_1	3.2.1.23	glc-D-B	OC[C@H]1O[C@@H](O)[C@H](O)[C@@H](O)[C@@H]1O	C(C1C(C(C(C(O1)O)O)O)O)O	1.0
TARA_ARC_108_MAG_00080	TARA_ARC_108_MAG_00080_000000000024_1	3.2.1.23	gal	OC[C@H]1OC(O)[C@H](O)[C@@H](O)[C@H]1O	C(C1C(C(C(C(O1)O)O)O)O)O	1.0
TARA_ARC_108_MAG_00080	TARA_ARC_108_MAG_00080_000000000024_1	3.2.1.23	cll_199	OC[C@H]1O[C@@H](O)[C@H](O)[C@@H](O)[C@H]1O	C(C1C(C(C(C(O1)O)O)O)O)O	1.0
TARA_ARC_108_MAG_00080	TARA_ARC_108_MAG_00080_000000000024_1	3.2.1.23	alpha-D-Galactose	OC[C@H]1O[C@H](O)[C@H](O)[C@@H](O)[C@H]1O	C(C1C(C(C(C(O1)O)O)O)O)O	1.0
TARA_ARC_108_MAG_00080	TARA_ARC_108_MAG_00080_000000000024_1	3.2.1.23	alpha-D-Glucose	OC[C@H]1O[C@H](O)[C@H](O)[C@@H](O)[C@@H]1O	C(C1C(C(C(C(O1)O)O)O)O)O	1.0
TARA_ARC_108_MAG_00080	TARA_ARC_108_MAG_00080_000000000348_5	3.2.1.23	glc-D	OC[C@H]1OC(O)[C@H](O)[C@@H](O)[C@@H]1O	C(C1C(C(C(C(O1)O)O)O)O)O	1.0
TARA_ARC_108_MAG_00080	TARA_ARC_108_MAG_00080_000000000348_5	3.2.1.23	glc-D-B	OC[C@H]1O[C@@H](O)[C@H](O)[C@@H](O)[C@@H]1O	C(C1C(C(C(C(O1)O)O)O)O)O	1.0
TARA_ARC_108_MAG_00080	TARA_ARC_108_MAG_00080_000000000348_5	3.2.1.23	gal	OC[C@H]1OC(O)[C@H](O)[C@@H](O)[C@H]1O	C(C1C(C(C(C(O1)O)O)O)O)O	1.0
TARA_ARC_108_MAG_00080	TARA_ARC_108_MAG_00080_000000000348_5	3.2.1.23	cll_199	OC[C@H]1O[C@@H](O)[C@H](O)[C@@H](O)[C@H]1O	C(C1C(C(C(C(O1)O)O)O)O)O	1.0
TARA_ARC_108_MAG_00080	TARA_ARC_108_MAG_00080_000000000348_5	3.2.1.23	alpha-D-Galactose	OC[C@H]1O[C@H](O)[C@H](O)[C@@H](O)[C@H]1O	C(C1C(C(C(C(O1)O)O)O)O)O	1.0
TARA_ARC_108_MAG_00080	TARA_ARC_108_MAG_00080_000000000348_5	3.2.1.23	alpha-D-Glucose	OC[C@H]1O[C@H](O)[C@H](O)[C@@H](O)[C@@H]1O	C(C1C(C(C(C(O1)O)O)O)O)O	1.0
TARA_ARC_108_MAG_00139	TARA_ARC_108_MAG_00139_000000000115_5	3.2.1.23	glc-D	OC[C@H]1OC(O)[C@H](O)[C@@H](O)[C@@H]1O	C(C1C(C(C(C(O1)O)O)O)O)O	1.0
TARA_ARC_108_MAG_00139	TARA_ARC_108_MAG_00139_000000000115_5	3.2.1.23	glc-D-B	OC[C@H]1O[C@@H](O)[C@H](O)[C@@H](O)[C@@H]1O	C(C1C(C(C(C(O1)O)O)O)O)O	1.0
TARA_ARC_108_MAG_00139	TARA_ARC_108_MAG_00139_000000000115_5	3.2.1.23	gal	OC[C@H]1OC(O)[C@H](O)[C@@H](O)[C@H]1O	C(C1C(C(C(C(O1)O)O)O)O)O	1.0
TARA_ARC_108_MAG_00139	TARA_ARC_108_MAG_00139_000000000115_5	3.2.1.23	cll_199	OC[C@H]1O[C@@H](O)[C@H](O)[C@@H](O)[C@H]1O	C(C1C(C(C(C(O1)O)O)O)O)O	1.0
TARA_ARC_108_MAG_00139	TARA_ARC_108_MAG_00139_000000000115_5	3.2.1.23	alpha-D-Galactose	OC[C@H]1O[C@H](O)[C@H](O)[C@@H](O)[C@H]1O	C(C1C(C(C(C(O1)O)O)O)O)O	1.0
TARA_ARC_108_MAG_00139	TARA_ARC_108_MAG_00139_000000000115_5	3.2.1.23	alpha-D-Glucose	OC[C@H]1O[C@H](O)[C@H](O)[C@@H](O)[C@@H]1O	C(C1C(C(C(C(O1)O)O)O)O)O	1.0
TARA_ARC_108_MAG_00117	TARA_ARC_108_MAG_00117_000000000022_29	3.2.1.23	glc-D	OC[C@H]1OC(O)[C@H](O)[C@@H](O)[C@@H]1O	C(C1C(C(C(C(O1)O)O)O)O)O	1.0
TARA_ARC_108_MAG_00117	TARA_ARC_108_MAG_00117_000000000022_29	3.2.1.23	glc-D-B	OC[C@H]1O[C@@H](O)[C@H](O)[C@@H](O)[C@@H]1O	C(C1C(C(C(C(O1)O)O)O)O)O	1.0
TARA_ARC_108_MAG_00117	TARA_ARC_108_MAG_00117_000000000022_29	3.2.1.23	gal	OC[C@H]1OC(O)[C@H](O)[C@@H](O)[C@H]1O	C(C1C(C(C(C(O1)O)O)O)O)O	1.0
TARA_ARC_108_MAG_00117	TARA_ARC_108_MAG_00117_000000000022_29	3.2.1.23	cll_199	OC[C@H]1O[C@@H](O)[C@H](O)[C@@H](O)[C@H]1O	C(C1C(C(C(C(O1)O)O)O)O)O	1.0
TARA_ARC_108_MAG_00117	TARA_ARC_108_MAG_00117_000000000022_29	3.2.1.23	alpha-D-Galactose	OC[C@H]1O[C@H](O)[C@H](O)[C@@H](O)[C@H]1O	C(C1C(C(C(C(O1)O)O)O)O)O	1.0
TARA_ARC_108_MAG_00117	TARA_ARC_108_MAG_00117_000000000022_29	3.2.1.23	alpha-D-Glucose	OC[C@H]1O[C@H](O)[C@H](O)[C@@H](O)[C@@H]1O	C(C1C(C(C(C(O1)O)O)O)O)O	1.0
TARA_ARC_108_MAG_00201	TARA_ARC_108_MAG_00201_000000000099_5	3.2.1.23	glc-D	OC[C@H]1OC(O)[C@H](O)[C@@H](O)[C@@H]1O	C(C1C(C(C(C(O1)O)O)O)O)O	1.0
TARA_ARC_108_MAG_00201	TARA_ARC_108_MAG_00201_000000000099_5	3.2.1.23	glc-D-B	OC[C@H]1O[C@@H](O)[C@H](O)[C@@H](O)[C@@H]1O	C(C1C(C(C(C(O1)O)O)O)O)O	1.0
TARA_ARC_108_MAG_00201	TARA_ARC_108_MAG_00201_000000000099_5	3.2.1.23	gal	OC[C@H]1OC(O)[C@H](O)[C@@H](O)[C@H]1O	C(C1C(C(C(C(O1)O)O)O)O)O	1.0
TARA_ARC_108_MAG_00201	TARA_ARC_108_MAG_00201_000000000099_5	3.2.1.23	cll_199	OC[C@H]1O[C@@H](O)[C@H](O)[C@@H](O)[C@H]1O	C(C1C(C(C(C(O1)O)O)O)O)O	1.0
TARA_ARC_108_MAG_00201	TARA_ARC_108_MAG_00201_000000000099_5	3.2.1.23	alpha-D-Galactose	OC[C@H]1O[C@H](O)[C@H](O)[C@@H](O)[C@H]1O	C(C1C(C(C(C(O1)O)O)O)O)O	1.0
TARA_ARC_108_MAG_00201	TARA_ARC_108_MAG_00201_000000000099_5	3.2.1.23	alpha-D-Glucose	OC[C@H]1O[C@H](O)[C@H](O)[C@@H](O)[C@@H]1O	C(C1C(C(C(C(O1)O)O)O)O)O	1.0
TARA_ARC_108_MAG_00179	TARA_ARC_108_MAG_00179_000000000134_12	3.2.1.23	glc-D	OC[C@H]1OC(O)[C@H](O)[C@@H](O)[C@@H]1O	C(C1C(C(C(C(O1)O)O)O)O)O	1.0
TARA_ARC_108_MAG_00179	TARA_ARC_108_MAG_00179_000000000134_12	3.2.1.23	glc-D-B	OC[C@H]1O[C@@H](O)[C@H](O)[C@@H](O)[C@@H]1O	C(C1C(C(C(C(O1)O)O)O)O)O	1.0
TARA_ARC_108_MAG_00179	TARA_ARC_108_MAG_00179_000000000134_12	3.2.1.23	gal	OC[C@H]1OC(O)[C@H](O)[C@@H](O)[C@H]1O	C(C1C(C(C(C(O1)O)O)O)O)O	1.0
TARA_ARC_108_MAG_00179	TARA_ARC_108_MAG_00179_000000000134_12	3.2.1.23	cll_199	OC[C@H]1O[C@@H](O)[C@H](O)[C@@H](O)[C@H]1O	C(C1C(C(C(C(O1)O)O)O)O)O	1.0
TARA_ARC_108_MAG_00179	TARA_ARC_108_MAG_00179_000000000134_12	3.2.1.23	alpha-D-Galactose	OC[C@H]1O[C@H](O)[C@H](O)[C@@H](O)[C@H]1O	C(C1C(C(C(C(O1)O)O)O)O)O	1.0
TARA_ARC_108_MAG_00179	TARA_ARC_108_MAG_00179_000000000134_12	3.2.1.23	alpha-D-Glucose	OC[C@H]1O[C@H](O)[C@H](O)[C@@H](O)[C@@H]1O	C(C1C(C(C(C(O1)O)O)O)O)O	1.0
TARA_ARC_108_MAG_00179	TARA_ARC_108_MAG_00179_000000000162_7	3.2.1.23	glc-D	OC[C@H]1OC(O)[C@H](O)[C@@H](O)[C@@H]1O	C(C1C(C(C(C(O1)O)O)O)O)O	1.0
TARA_ARC_108_MAG_00179	TARA_ARC_108_MAG_00179_000000000162_7	3.2.1.23	glc-D-B	OC[C@H]1O[C@@H](O)[C@H](O)[C@@H](O)[C@@H]1O	C(C1C(C(C(C(O1)O)O)O)O)O	1.0
TARA_ARC_108_MAG_00179	TARA_ARC_108_MAG_00179_000000000162_7	3.2.1.23	gal	OC[C@H]1OC(O)[C@H](O)[C@@H](O)[C@H]1O	C(C1C(C(C(C(O1)O)O)O)O)O	1.0
TARA_ARC_108_MAG_00179	TARA_ARC_108_MAG_00179_000000000162_7	3.2.1.23	cll_199	OC[C@H]1O[C@@H](O)[C@H](O)[C@@H](O)[C@H]1O	C(C1C(C(C(C(O1)O)O)O)O)O	1.0
TARA_ARC_108_MAG_00179	TARA_ARC_108_MAG_00179_000000000162_7	3.2.1.23	alpha-D-Galactose	OC[C@H]1O[C@H](O)[C@H](O)[C@@H](O)[C@H]1O	C(C1C(C(C(C(O1)O)O)O)O)O	1.0
TARA_ARC_108_MAG_00179	TARA_ARC_108_MAG_00179_000000000162_7	3.2.1.23	alpha-D-Glucose	OC[C@H]1O[C@H](O)[C@H](O)[C@@H](O)[C@@H]1O	C(C1C(C(C(C(O1)O)O)O)O)O	1.0
TARA_ARC_108_MAG_00179	TARA_ARC_108_MAG_00179_000000000271_7	3.2.1.23	glc-D	OC[C@H]1OC(O)[C@H](O)[C@@H](O)[C@@H]1O	C(C1C(C(C(C(O1)O)O)O)O)O	1.0
TARA_ARC_108_MAG_00179	TARA_ARC_108_MAG_00179_000000000271_7	3.2.1.23	glc-D-B	OC[C@H]1O[C@@H](O)[C@H](O)[C@@H](O)[C@@H]1O	C(C1C(C(C(C(O1)O)O)O)O)O	1.0
TARA_ARC_108_MAG_00179	TARA_ARC_108_MAG_00179_000000000271_7	3.2.1.23	gal	OC[C@H]1OC(O)[C@H](O)[C@@H](O)[C@H]1O	C(C1C(C(C(C(O1)O)O)O)O)O	1.0
TARA_ARC_108_MAG_00179	TARA_ARC_108_MAG_00179_000000000271_7	3.2.1.23	cll_199	OC[C@H]1O[C@@H](O)[C@H](O)[C@@H](O)[C@H]1O	C(C1C(C(C(C(O1)O)O)O)O)O	1.0
TARA_ARC_108_MAG_00179	TARA_ARC_108_MAG_00179_000000000271_7	3.2.1.23	alpha-D-Galactose	OC[C@H]1O[C@H](O)[C@H](O)[C@@H](O)[C@H]1O	C(C1C(C(C(C(O1)O)O)O)O)O	1.0
TARA_ARC_108_MAG_00179	TARA_ARC_108_MAG_00179_000000000271_7	3.2.1.23	alpha-D-Glucose	OC[C@H]1O[C@H](O)[C@H](O)[C@@H](O)[C@@H]1O	C(C1C(C(C(C(O1)O)O)O)O)O	1.0
TARA_ARC_108_MAG_00080	TARA_ARC_108_MAG_00080_000000000041_13	2.3.1.79	glc-D	OC[C@H]1OC(O)[C@H](O)[C@@H](O)[C@@H]1O	C(C1C(C(C(C(O1)O)O)O)O)O	1.0
TARA_ARC_108_MAG_00083	TARA_ARC_108_MAG_00083_000000000297_9	2.3.1.79	glc-D	OC[C@H]1OC(O)[C@H](O)[C@@H](O)[C@@H]1O	C(C1C(C(C(C(O1)O)O)O)O)O	1.0
TARA_ARC_108_MAG_00179	TARA_ARC_108_MAG_00179_000000000376_6	2.3.1.79	glc-D	OC[C@H]1OC(O)[C@H](O)[C@@H](O)[C@@H]1O	C(C1C(C(C(C(O1)O)O)O)O)O	1.0
TARA_ARC_108_MAG_00080	TARA_ARC_108_MAG_00080_000000000048_2	2.7.1.15	rib-D	OC[C@H]1OC(O)[C@H](O)[C@@H]1O	C(C1C(C(C(C(O1)O)O)O)O)O	0.8387096774193549
TARA_ARC_108_MAG_00080	TARA_ARC_108_MAG_00080_000000000048_2	2.7.1.15	beta-D-Ribofuranose	OC[C@H]1O[C@@H](O)[C@H](O)[C@@H]1O	C(C1C(C(C(C(O1)O)O)O)O)O	0.8387096774193549
TARA_ARC_108_MAG_00083	TARA_ARC_108_MAG_00083_000000000007_3	2.7.1.15	rib-D	OC[C@H]1OC(O)[C@H](O)[C@@H]1O	C(C1C(C(C(C(O1)O)O)O)O)O	0.8387096774193549
TARA_ARC_108_MAG_00083	TARA_ARC_108_MAG_00083_000000000007_3	2.7.1.15	beta-D-Ribofuranose	OC[C@H]1O[C@@H](O)[C@H](O)[C@@H]1O	C(C1C(C(C(C(O1)O)O)O)O)O	0.8387096774193549
TARA_ARC_108_MAG_00139	TARA_ARC_108_MAG_00139_000000000122_1	2.7.1.15	rib-D	OC[C@H]1OC(O)[C@H](O)[C@@H]1O	C(C1C(C(C(C(O1)O)O)O)O)O	0.8387096774193549
TARA_ARC_108_MAG_00139	TARA_ARC_108_MAG_00139_000000000122_1	2.7.1.15	beta-D-Ribofuranose	OC[C@H]1O[C@@H](O)[C@H](O)[C@@H]1O	C(C1C(C(C(C(O1)O)O)O)O)O	0.8387096774193549
TARA_ARC_108_MAG_00117	TARA_ARC_108_MAG_00117_000000000304_2	2.7.1.15	rib-D	OC[C@H]1OC(O)[C@H](O)[C@@H]1O	C(C1C(C(C(C(O1)O)O)O)O)O	0.8387096774193549
TARA_ARC_108_MAG_00117	TARA_ARC_108_MAG_00117_000000000304_2	2.7.1.15	beta-D-Ribofuranose	OC[C@H]1O[C@@H](O)[C@H](O)[C@@H]1O	C(C1C(C(C(C(O1)O)O)O)O)O	0.8387096774193549
TARA_ARC_108_MAG_00179	TARA_ARC_108_MAG_00179_000000000346_3	2.7.1.15	rib-D	OC[C@H]1OC(O)[C@H](O)[C@@H]1O	C(C1C(C(C(C(O1)O)O)O)O)O	0.8387096774193549
TARA_ARC_108_MAG_00179	TARA_ARC_108_MAG_00179_000000000346_3	2.7.1.15	beta-D-Ribofuranose	OC[C@H]1O[C@@H](O)[C@H](O)[C@@H]1O	C(C1C(C(C(C(O1)O)O)O)O)O	0.8387096774193549
TARA_ARC_108_MAG_00080	TARA_ARC_108_MAG_00080_000000000077_14	3.2.1.177	glc-D	OC[C@H]1OC(O)[C@H](O)[C@@H](O)[C@@H]1O	C(C1C(C(C(C(O1)O)O)O)O)O	1.0
TARA_ARC_108_MAG_00080	TARA_ARC_108_MAG_00080_000000000077_14	3.2.1.177	glc-D-B	OC[C@H]1O[C@@H](O)[C@H](O)[C@@H](O)[C@@H]1O	C(C1C(C(C(C(O1)O)O)O)O)O	1.0
TARA_ARC_108_MAG_00179	TARA_ARC_108_MAG_00179_000000000350_3	3.2.1.177	glc-D	OC[C@H]1OC(O)[C@H](O)[C@@H](O)[C@@H]1O	C(C1C(C(C(C(O1)O)O)O)O)O	1.0
TARA_ARC_108_MAG_00179	TARA_ARC_108_MAG_00179_000000000350_3	3.2.1.177	glc-D-B	OC[C@H]1O[C@@H](O)[C@H](O)[C@@H](O)[C@@H]1O	C(C1C(C(C(C(O1)O)O)O)O)O	1.0
TARA_ARC_108_MAG_00080	TARA_ARC_108_MAG_00080_000000000081_18	3.2.2.1	rib-D	OC[C@H]1OC(O)[C@H](O)[C@@H]1O	C(C1C(C(C(C(O1)O)O)O)O)O	0.8387096774193549
TARA_ARC_108_MAG_00080	TARA_ARC_108_MAG_00080_000000000081_18	3.2.2.1	beta-D-Ribofuranose	OC[C@H]1O[C@@H](O)[C@H](O)[C@@H]1O	C(C1C(C(C(C(O1)O)O)O)O)O	0.8387096774193549
TARA_ARC_108_MAG_00080	TARA_ARC_108_MAG_00080_000000000102_1	3.2.2.1	rib-D	OC[C@H]1OC(O)[C@H](O)[C@@H]1O	C(C1C(C(C(C(O1)O)O)O)O)O	0.8387096774193549
TARA_ARC_108_MAG_00080	TARA_ARC_108_MAG_00080_000000000102_1	3.2.2.1	beta-D-Ribofuranose	OC[C@H]1O[C@@H](O)[C@H](O)[C@@H]1O	C(C1C(C(C(C(O1)O)O)O)O)O	0.8387096774193549
TARA_ARC_108_MAG_00083	TARA_ARC_108_MAG_00083_000000000194_5	3.2.2.1	rib-D	OC[C@H]1OC(O)[C@H](O)[C@@H]1O	C(C1C(C(C(C(O1)O)O)O)O)O	0.8387096774193549
TARA_ARC_108_MAG_00083	TARA_ARC_108_MAG_00083_000000000194_5	3.2.2.1	beta-D-Ribofuranose	OC[C@H]1O[C@@H](O)[C@H](O)[C@@H]1O	C(C1C(C(C(C(O1)O)O)O)O)O	0.8387096774193549
TARA_ARC_108_MAG_00139	TARA_ARC_108_MAG_00139_000000000184_1	3.2.2.1	rib-D	OC[C@H]1OC(O)[C@H](O)[C@@H]1O	C(C1C(C(C(C(O1)O)O)O)O)O	0.8387096774193549
TARA_ARC_108_MAG_00139	TARA_ARC_108_MAG_00139_000000000184_1	3.2.2.1	beta-D-Ribofuranose	OC[C@H]1O[C@@H](O)[C@H](O)[C@@H]1O	C(C1C(C(C(C(O1)O)O)O)O)O	0.8387096774193549
TARA_ARC_108_MAG_00117	TARA_ARC_108_MAG_00117_000000000299_1	3.2.2.1	rib-D	OC[C@H]1OC(O)[C@H](O)[C@@H]1O	C(C1C(C(C(C(O1)O)O)O)O)O	0.8387096774193549
TARA_ARC_108_MAG_00117	TARA_ARC_108_MAG_00117_000000000299_1	3.2.2.1	beta-D-Ribofuranose	OC[C@H]1O[C@@H](O)[C@H](O)[C@@H]1O	C(C1C(C(C(C(O1)O)O)O)O)O	0.8387096774193549
TARA_ARC_108_MAG_00117	TARA_ARC_108_MAG_00117_000000000341_2	3.2.2.1	rib-D	OC[C@H]1OC(O)[C@H](O)[C@@H]1O	C(C1C(C(C(C(O1)O)O)O)O)O	0.8387096774193549
TARA_ARC_108_MAG_00117	TARA_ARC_108_MAG_00117_000000000341_2	3.2.2.1	beta-D-Ribofuranose	OC[C@H]1O[C@@H](O)[C@H](O)[C@@H]1O	C(C1C(C(C(C(O1)O)O)O)O)O	0.8387096774193549
TARA_ARC_108_MAG_00080	TARA_ARC_108_MAG_00080_000000000173_5	2.4.1.25	glc-D	OC[C@H]1OC(O)[C@H](O)[C@@H](O)[C@@H]1O	C(C1C(C(C(C(O1)O)O)O)O)O	1.0
TARA_ARC_108_MAG_00080	TARA_ARC_108_MAG_00080_000000000173_5	2.4.1.25	glc-D-B	OC[C@H]1O[C@@H](O)[C@H](O)[C@@H](O)[C@@H]1O	C(C1C(C(C(C(O1)O)O)O)O)O	1.0
TARA_ARC_108_MAG_00080	TARA_ARC_108_MAG_00080_000000000173_5	2.4.1.25	alpha-D-Glucose	OC[C@H]1O[C@H](O)[C@H](O)[C@@H](O)[C@@H]1O	C(C1C(C(C(C(O1)O)O)O)O)O	1.0
TARA_ARC_108_MAG_00179	TARA_ARC_108_MAG_00179_000000000288_2	2.4.1.25	glc-D	OC[C@H]1OC(O)[C@H](O)[C@@H](O)[C@@H]1O	C(C1C(C(C(C(O1)O)O)O)O)O	1.0
TARA_ARC_108_MAG_00179	TARA_ARC_108_MAG_00179_000000000288_2	2.4.1.25	glc-D-B	OC[C@H]1O[C@@H](O)[C@H](O)[C@@H](O)[C@@H]1O	C(C1C(C(C(C(O1)O)O)O)O)O	1.0
TARA_ARC_108_MAG_00179	TARA_ARC_108_MAG_00179_000000000288_2	2.4.1.25	alpha-D-Glucose	OC[C@H]1O[C@H](O)[C@H](O)[C@@H](O)[C@@H]1O	C(C1C(C(C(C(O1)O)O)O)O)O	1.0
TARA_ARC_108_MAG_00174	TARA_ARC_108_MAG_00174_000000000048_30	2.4.1.25	glc-D	OC[C@H]1OC(O)[C@H](O)[C@@H](O)[C@@H]1O	C(C1C(C(C(C(O1)O)O)O)O)O	1.0
TARA_ARC_108_MAG_00174	TARA_ARC_108_MAG_00174_000000000048_30	2.4.1.25	glc-D-B	OC[C@H]1O[C@@H](O)[C@H](O)[C@@H](O)[C@@H]1O	C(C1C(C(C(C(O1)O)O)O)O)O	1.0
TARA_ARC_108_MAG_00174	TARA_ARC_108_MAG_00174_000000000048_30	2.4.1.25	alpha-D-Glucose	OC[C@H]1O[C@H](O)[C@H](O)[C@@H](O)[C@@H]1O	C(C1C(C(C(C(O1)O)O)O)O)O	1.0
TARA_ARC_108_MAG_00080	TARA_ARC_108_MAG_00080_000000000173_9	2.7.1.2	glc-D	OC[C@H]1OC(O)[C@H](O)[C@@H](O)[C@@H]1O	C(C1C(C(C(C(O1)O)O)O)O)O	1.0
TARA_ARC_108_MAG_00080	TARA_ARC_108_MAG_00080_000000000173_9	2.7.1.2	glc-D-B	OC[C@H]1O[C@@H](O)[C@H](O)[C@@H](O)[C@@H]1O	C(C1C(C(C(C(O1)O)O)O)O)O	1.0
TARA_ARC_108_MAG_00080	TARA_ARC_108_MAG_00080_000000000173_9	2.7.1.2	alpha-D-Glucose	OC[C@H]1O[C@H](O)[C@H](O)[C@@H](O)[C@@H]1O	C(C1C(C(C(C(O1)O)O)O)O)O	1.0
TARA_ARC_108_MAG_00139	TARA_ARC_108_MAG_00139_000000000057_3	2.7.1.2	glc-D	OC[C@H]1OC(O)[C@H](O)[C@@H](O)[C@@H]1O	C(C1C(C(C(C(O1)O)O)O)O)O	1.0
TARA_ARC_108_MAG_00139	TARA_ARC_108_MAG_00139_000000000057_3	2.7.1.2	glc-D-B	OC[C@H]1O[C@@H](O)[C@H](O)[C@@H](O)[C@@H]1O	C(C1C(C(C(C(O1)O)O)O)O)O	1.0
TARA_ARC_108_MAG_00139	TARA_ARC_108_MAG_00139_000000000057_3	2.7.1.2	alpha-D-Glucose	OC[C@H]1O[C@H](O)[C@H](O)[C@@H](O)[C@@H]1O	C(C1C(C(C(C(O1)O)O)O)O)O	1.0
TARA_ARC_108_MAG_00117	TARA_ARC_108_MAG_00117_000000000024_1	2.7.1.2	glc-D	OC[C@H]1OC(O)[C@H](O)[C@@H](O)[C@@H]1O	C(C1C(C(C(C(O1)O)O)O)O)O	1.0
TARA_ARC_108_MAG_00117	TARA_ARC_108_MAG_00117_000000000024_1	2.7.1.2	glc-D-B	OC[C@H]1O[C@@H](O)[C@H](O)[C@@H](O)[C@@H]1O	C(C1C(C(C(C(O1)O)O)O)O)O	1.0
TARA_ARC_108_MAG_00117	TARA_ARC_108_MAG_00117_000000000024_1	2.7.1.2	alpha-D-Glucose	OC[C@H]1O[C@H](O)[C@H](O)[C@@H](O)[C@@H]1O	C(C1C(C(C(C(O1)O)O)O)O)O	1.0
TARA_ARC_108_MAG_00117	TARA_ARC_108_MAG_00117_000000000075_3	2.7.1.2	glc-D	OC[C@H]1OC(O)[C@H](O)[C@@H](O)[C@@H]1O	C(C1C(C(C(C(O1)O)O)O)O)O	1.0
TARA_ARC_108_MAG_00117	TARA_ARC_108_MAG_00117_000000000075_3	2.7.1.2	glc-D-B	OC[C@H]1O[C@@H](O)[C@H](O)[C@@H](O)[C@@H]1O	C(C1C(C(C(C(O1)O)O)O)O)O	1.0
TARA_ARC_108_MAG_00117	TARA_ARC_108_MAG_00117_000000000075_3	2.7.1.2	alpha-D-Glucose	OC[C@H]1O[C@H](O)[C@H](O)[C@@H](O)[C@@H]1O	C(C1C(C(C(C(O1)O)O)O)O)O	1.0
TARA_ARC_108_MAG_00201	TARA_ARC_108_MAG_00201_000000000114_9	2.7.1.2	glc-D	OC[C@H]1OC(O)[C@H](O)[C@@H](O)[C@@H]1O	C(C1C(C(C(C(O1)O)O)O)O)O	1.0
TARA_ARC_108_MAG_00201	TARA_ARC_108_MAG_00201_000000000114_9	2.7.1.2	glc-D-B	OC[C@H]1O[C@@H](O)[C@H](O)[C@@H](O)[C@@H]1O	C(C1C(C(C(C(O1)O)O)O)O)O	1.0
TARA_ARC_108_MAG_00201	TARA_ARC_108_MAG_00201_000000000114_9	2.7.1.2	alpha-D-Glucose	OC[C@H]1O[C@H](O)[C@H](O)[C@@H](O)[C@@H]1O	C(C1C(C(C(C(O1)O)O)O)O)O	1.0
TARA_ARC_108_MAG_00179	TARA_ARC_108_MAG_00179_000000000246_4	2.7.1.2	glc-D	OC[C@H]1OC(O)[C@H](O)[C@@H](O)[C@@H]1O	C(C1C(C(C(C(O1)O)O)O)O)O	1.0
TARA_ARC_108_MAG_00179	TARA_ARC_108_MAG_00179_000000000246_4	2.7.1.2	glc-D-B	OC[C@H]1O[C@@H](O)[C@H](O)[C@@H](O)[C@@H]1O	C(C1C(C(C(C(O1)O)O)O)O)O	1.0
TARA_ARC_108_MAG_00179	TARA_ARC_108_MAG_00179_000000000246_4	2.7.1.2	alpha-D-Glucose	OC[C@H]1O[C@H](O)[C@H](O)[C@@H](O)[C@@H]1O	C(C1C(C(C(C(O1)O)O)O)O)O	1.0
TARA_ARC_108_MAG_00179	TARA_ARC_108_MAG_00179_000000000288_6	2.7.1.2	glc-D	OC[C@H]1OC(O)[C@H](O)[C@@H](O)[C@@H]1O	C(C1C(C(C(C(O1)O)O)O)O)O	1.0
TARA_ARC_108_MAG_00179	TARA_ARC_108_MAG_00179_000000000288_6	2.7.1.2	glc-D-B	OC[C@H]1O[C@@H](O)[C@H](O)[C@@H](O)[C@@H]1O	C(C1C(C(C(C(O1)O)O)O)O)O	1.0
TARA_ARC_108_MAG_00179	TARA_ARC_108_MAG_00179_000000000288_6	2.7.1.2	alpha-D-Glucose	OC[C@H]1O[C@H](O)[C@H](O)[C@@H](O)[C@@H]1O	C(C1C(C(C(C(O1)O)O)O)O)O	1.0
TARA_ARC_108_MAG_00174	TARA_ARC_108_MAG_00174_000000000076_15	2.7.1.2	glc-D	OC[C@H]1OC(O)[C@H](O)[C@@H](O)[C@@H]1O	C(C1C(C(C(C(O1)O)O)O)O)O	1.0
TARA_ARC_108_MAG_00174	TARA_ARC_108_MAG_00174_000000000076_15	2.7.1.2	glc-D-B	OC[C@H]1O[C@@H](O)[C@H](O)[C@@H](O)[C@@H]1O	C(C1C(C(C(C(O1)O)O)O)O)O	1.0
TARA_ARC_108_MAG_00174	TARA_ARC_108_MAG_00174_000000000076_15	2.7.1.2	alpha-D-Glucose	OC[C@H]1O[C@H](O)[C@H](O)[C@@H](O)[C@@H]1O	C(C1C(C(C(C(O1)O)O)O)O)O	1.0
TARA_ARC_108_MAG_00080	TARA_ARC_108_MAG_00080_000000000227_6	3.2.1.21	glc-D	OC[C@H]1OC(O)[C@H](O)[C@@H](O)[C@@H]1O	C(C1C(C(C(C(O1)O)O)O)O)O	1.0
TARA_ARC_108_MAG_00080	TARA_ARC_108_MAG_00080_000000000227_6	3.2.1.21	glc-D-B	OC[C@H]1O[C@@H](O)[C@H](O)[C@@H](O)[C@@H]1O	C(C1C(C(C(C(O1)O)O)O)O)O	1.0
TARA_ARC_108_MAG_00080	TARA_ARC_108_MAG_00080_000000000227_6	3.2.1.21	alpha-D-Glucose	OC[C@H]1O[C@H](O)[C@H](O)[C@@H](O)[C@@H]1O	C(C1C(C(C(C(O1)O)O)O)O)O	1.0
TARA_ARC_108_MAG_00080	TARA_ARC_108_MAG_00080_000000000279_21	3.2.1.21	glc-D	OC[C@H]1OC(O)[C@H](O)[C@@H](O)[C@@H]1O	C(C1C(C(C(C(O1)O)O)O)O)O	1.0
TARA_ARC_108_MAG_00080	TARA_ARC_108_MAG_00080_000000000279_21	3.2.1.21	glc-D-B	OC[C@H]1O[C@@H](O)[C@H](O)[C@@H](O)[C@@H]1O	C(C1C(C(C(C(O1)O)O)O)O)O	1.0
TARA_ARC_108_MAG_00080	TARA_ARC_108_MAG_00080_000000000279_21	3.2.1.21	alpha-D-Glucose	OC[C@H]1O[C@H](O)[C@H](O)[C@@H](O)[C@@H]1O	C(C1C(C(C(C(O1)O)O)O)O)O	1.0
TARA_ARC_108_MAG_00080	TARA_ARC_108_MAG_00080_000000000342_4	3.2.1.21	glc-D	OC[C@H]1OC(O)[C@H](O)[C@@H](O)[C@@H]1O	C(C1C(C(C(C(O1)O)O)O)O)O	1.0
TARA_ARC_108_MAG_00080	TARA_ARC_108_MAG_00080_000000000342_4	3.2.1.21	glc-D-B	OC[C@H]1O[C@@H](O)[C@H](O)[C@@H](O)[C@@H]1O	C(C1C(C(C(C(O1)O)O)O)O)O	1.0
TARA_ARC_108_MAG_00080	TARA_ARC_108_MAG_00080_000000000342_4	3.2.1.21	alpha-D-Glucose	OC[C@H]1O[C@H](O)[C@H](O)[C@@H](O)[C@@H]1O	C(C1C(C(C(C(O1)O)O)O)O)O	1.0
TARA_ARC_108_MAG_00083	TARA_ARC_108_MAG_00083_000000000287_14	3.2.1.21	glc-D	OC[C@H]1OC(O)[C@H](O)[C@@H](O)[C@@H]1O	C(C1C(C(C(C(O1)O)O)O)O)O	1.0
TARA_ARC_108_MAG_00083	TARA_ARC_108_MAG_00083_000000000287_14	3.2.1.21	glc-D-B	OC[C@H]1O[C@@H](O)[C@H](O)[C@@H](O)[C@@H]1O	C(C1C(C(C(C(O1)O)O)O)O)O	1.0
TARA_ARC_108_MAG_00083	TARA_ARC_108_MAG_00083_000000000287_14	3.2.1.21	alpha-D-Glucose	OC[C@H]1O[C@H](O)[C@H](O)[C@@H](O)[C@@H]1O	C(C1C(C(C(C(O1)O)O)O)O)O	1.0
TARA_ARC_108_MAG_00139	TARA_ARC_108_MAG_00139_000000000155_2	3.2.1.21	glc-D	OC[C@H]1OC(O)[C@H](O)[C@@H](O)[C@@H]1O	C(C1C(C(C(C(O1)O)O)O)O)O	1.0
TARA_ARC_108_MAG_00139	TARA_ARC_108_MAG_00139_000000000155_2	3.2.1.21	glc-D-B	OC[C@H]1O[C@@H](O)[C@H](O)[C@@H](O)[C@@H]1O	C(C1C(C(C(C(O1)O)O)O)O)O	1.0
TARA_ARC_108_MAG_00139	TARA_ARC_108_MAG_00139_000000000155_2	3.2.1.21	alpha-D-Glucose	OC[C@H]1O[C@H](O)[C@H](O)[C@@H](O)[C@@H]1O	C(C1C(C(C(C(O1)O)O)O)O)O	1.0
TARA_ARC_108_MAG_00117	TARA_ARC_108_MAG_00117_000000000061_9	3.2.1.21	glc-D	OC[C@H]1OC(O)[C@H](O)[C@@H](O)[C@@H]1O	C(C1C(C(C(C(O1)O)O)O)O)O	1.0
TARA_ARC_108_MAG_00117	TARA_ARC_108_MAG_00117_000000000061_9	3.2.1.21	glc-D-B	OC[C@H]1O[C@@H](O)[C@H](O)[C@@H](O)[C@@H]1O	C(C1C(C(C(C(O1)O)O)O)O)O	1.0
TARA_ARC_108_MAG_00117	TARA_ARC_108_MAG_00117_000000000061_9	3.2.1.21	alpha-D-Glucose	OC[C@H]1O[C@H](O)[C@H](O)[C@@H](O)[C@@H]1O	C(C1C(C(C(C(O1)O)O)O)O)O	1.0
TARA_ARC_108_MAG_00117	TARA_ARC_108_MAG_00117_000000000090_11	3.2.1.21	glc-D	OC[C@H]1OC(O)[C@H](O)[C@@H](O)[C@@H]1O	C(C1C(C(C(C(O1)O)O)O)O)O	1.0
TARA_ARC_108_MAG_00117	TARA_ARC_108_MAG_00117_000000000090_11	3.2.1.21	glc-D-B	OC[C@H]1O[C@@H](O)[C@H](O)[C@@H](O)[C@@H]1O	C(C1C(C(C(C(O1)O)O)O)O)O	1.0
TARA_ARC_108_MAG_00117	TARA_ARC_108_MAG_00117_000000000090_11	3.2.1.21	alpha-D-Glucose	OC[C@H]1O[C@H](O)[C@H](O)[C@@H](O)[C@@H]1O	C(C1C(C(C(C(O1)O)O)O)O)O	1.0
TARA_ARC_108_MAG_00117	TARA_ARC_108_MAG_00117_000000000267_14	3.2.1.21	glc-D	OC[C@H]1OC(O)[C@H](O)[C@@H](O)[C@@H]1O	C(C1C(C(C(C(O1)O)O)O)O)O	1.0
TARA_ARC_108_MAG_00117	TARA_ARC_108_MAG_00117_000000000267_14	3.2.1.21	glc-D-B	OC[C@H]1O[C@@H](O)[C@H](O)[C@@H](O)[C@@H]1O	C(C1C(C(C(C(O1)O)O)O)O)O	1.0
TARA_ARC_108_MAG_00117	TARA_ARC_108_MAG_00117_000000000267_14	3.2.1.21	alpha-D-Glucose	OC[C@H]1O[C@H](O)[C@H](O)[C@@H](O)[C@@H]1O	C(C1C(C(C(C(O1)O)O)O)O)O	1.0
TARA_ARC_108_MAG_00179	TARA_ARC_108_MAG_00179_000000000072_41	3.2.1.21	glc-D	OC[C@H]1OC(O)[C@H](O)[C@@H](O)[C@@H]1O	C(C1C(C(C(C(O1)O)O)O)O)O	1.0
TARA_ARC_108_MAG_00179	TARA_ARC_108_MAG_00179_000000000072_41	3.2.1.21	glc-D-B	OC[C@H]1O[C@@H](O)[C@H](O)[C@@H](O)[C@@H]1O	C(C1C(C(C(C(O1)O)O)O)O)O	1.0
TARA_ARC_108_MAG_00179	TARA_ARC_108_MAG_00179_000000000072_41	3.2.1.21	alpha-D-Glucose	OC[C@H]1O[C@H](O)[C@H](O)[C@@H](O)[C@@H]1O	C(C1C(C(C(C(O1)O)O)O)O)O	1.0
TARA_ARC_108_MAG_00179	TARA_ARC_108_MAG_00179_000000000072_43	3.2.1.21	glc-D	OC[C@H]1OC(O)[C@H](O)[C@@H](O)[C@@H]1O	C(C1C(C(C(C(O1)O)O)O)O)O	1.0
TARA_ARC_108_MAG_00179	TARA_ARC_108_MAG_00179_000000000072_43	3.2.1.21	glc-D-B	OC[C@H]1O[C@@H](O)[C@H](O)[C@@H](O)[C@@H]1O	C(C1C(C(C(C(O1)O)O)O)O)O	1.0
TARA_ARC_108_MAG_00179	TARA_ARC_108_MAG_00179_000000000072_43	3.2.1.21	alpha-D-Glucose	OC[C@H]1O[C@H](O)[C@H](O)[C@@H](O)[C@@H]1O	C(C1C(C(C(C(O1)O)O)O)O)O	1.0
TARA_ARC_108_MAG_00080	TARA_ARC_108_MAG_00080_000000000262_6	3.5.2.6	Penicillin G	CC1(C)S[C@@H]2[C@H](NC(=O)Cc3ccccc3)C(=O)N2[C@H]1C(=O)[O-]	[H][C@]12SC(C)(C)[C@@H](N1C(=O)[C@H]2NC(=O)CC1=CC=CC=C1)C(O)=O	0.8529411764705882
TARA_ARC_108_MAG_00139	TARA_ARC_108_MAG_00139_000000000188_5	3.5.2.6	Penicillin G	CC1(C)S[C@@H]2[C@H](NC(=O)Cc3ccccc3)C(=O)N2[C@H]1C(=O)[O-]	[H][C@]12SC(C)(C)[C@@H](N1C(=O)[C@H]2NC(=O)CC1=CC=CC=C1)C(O)=O	0.8529411764705882
TARA_ARC_108_MAG_00179	TARA_ARC_108_MAG_00179_000000000064_19	3.5.2.6	Penicillin G	CC1(C)S[C@@H]2[C@H](NC(=O)Cc3ccccc3)C(=O)N2[C@H]1C(=O)[O-]	[H][C@]12SC(C)(C)[C@@H](N1C(=O)[C@H]2NC(=O)CC1=CC=CC=C1)C(O)=O	0.8529411764705882
TARA_ARC_108_MAG_00179	TARA_ARC_108_MAG_00179_000000000089_6	3.5.2.6	Penicillin G	CC1(C)S[C@@H]2[C@H](NC(=O)Cc3ccccc3)C(=O)N2[C@H]1C(=O)[O-]	[H][C@]12SC(C)(C)[C@@H](N1C(=O)[C@H]2NC(=O)CC1=CC=CC=C1)C(O)=O	0.8529411764705882
TARA_ARC_108_MAG_00179	TARA_ARC_108_MAG_00179_000000000152_9	3.5.2.6	Penicillin G	CC1(C)S[C@@H]2[C@H](NC(=O)Cc3ccccc3)C(=O)N2[C@H]1C(=O)[O-]	[H][C@]12SC(C)(C)[C@@H](N1C(=O)[C@H]2NC(=O)CC1=CC=CC=C1)C(O)=O	0.8529411764705882
TARA_ARC_108_MAG_00080	TARA_ARC_108_MAG_00080_000000000334_3	1.1.99.28	glc-D	OC[C@H]1OC(O)[C@H](O)[C@@H](O)[C@@H]1O	C(C1C(C(C(C(O1)O)O)O)O)O	1.0
TARA_ARC_108_MAG_00080	TARA_ARC_108_MAG_00080_000000000334_3	1.1.99.28	glc-D-B	OC[C@H]1O[C@@H](O)[C@H](O)[C@@H](O)[C@@H]1O	C(C1C(C(C(C(O1)O)O)O)O)O	1.0
TARA_ARC_108_MAG_00080	TARA_ARC_108_MAG_00080_000000000334_3	1.1.99.28	alpha-D-Glucose	OC[C@H]1O[C@H](O)[C@H](O)[C@@H](O)[C@@H]1O	C(C1C(C(C(C(O1)O)O)O)O)O	1.0
TARA_ARC_108_MAG_00083	TARA_ARC_108_MAG_00083_000000000009_11	2.7.1.191	beta-D-Mannose	OC[C@H]1O[C@@H](O)[C@@H](O)[C@@H](O)[C@@H]1O	C(C1C(C(C(C(O1)O)O)O)O)O	1.0
TARA_ARC_108_MAG_00139	TARA_ARC_108_MAG_00139_000000000288_4	2.7.1.191	beta-D-Mannose	OC[C@H]1O[C@@H](O)[C@@H](O)[C@@H](O)[C@@H]1O	C(C1C(C(C(C(O1)O)O)O)O)O	1.0
TARA_ARC_108_MAG_00117	TARA_ARC_108_MAG_00117_000000000295_22	2.7.1.191	beta-D-Mannose	OC[C@H]1O[C@@H](O)[C@@H](O)[C@@H](O)[C@@H]1O	C(C1C(C(C(C(O1)O)O)O)O)O	1.0
TARA_ARC_108_MAG_00083	TARA_ARC_108_MAG_00083_000000000049_14	3.6.3.17	glc-D-B	OC[C@H]1O[C@@H](O)[C@H](O)[C@@H](O)[C@@H]1O	C(C1C(C(C(C(O1)O)O)O)O)O	1.0
TARA_ARC_108_MAG_00083	TARA_ARC_108_MAG_00083_000000000049_14	3.6.3.17	rib-D	OC[C@H]1OC(O)[C@H](O)[C@@H]1O	C(C1C(C(C(C(O1)O)O)O)O)O	0.8387096774193549
TARA_ARC_108_MAG_00083	TARA_ARC_108_MAG_00083_000000000049_14	3.6.3.17	cll_199	OC[C@H]1O[C@@H](O)[C@H](O)[C@@H](O)[C@H]1O	C(C1C(C(C(C(O1)O)O)O)O)O	1.0
TARA_ARC_108_MAG_00083	TARA_ARC_108_MAG_00083_000000000049_14	3.6.3.17	all-D	OC[C@H]1OC(O)[C@H](O)[C@H](O)[C@@H]1O	C(C1C(C(C(C(O1)O)O)O)O)O	1.0
TARA_ARC_108_MAG_00083	TARA_ARC_108_MAG_00083_000000000049_14	3.6.3.17	alpha-D-Galactose	OC[C@H]1O[C@H](O)[C@H](O)[C@@H](O)[C@H]1O	C(C1C(C(C(C(O1)O)O)O)O)O	1.0
TARA_ARC_108_MAG_00083	TARA_ARC_108_MAG_00083_000000000049_14	3.6.3.17	L-Galactose	OC[C@@H]1OC(O)[C@@H](O)[C@H](O)[C@@H]1O	C(C1C(C(C(C(O1)O)O)O)O)O	1.0
TARA_ARC_108_MAG_00083	TARA_ARC_108_MAG_00083_000000000049_14	3.6.3.17	cll_394	OC[C@@H]1O[C@H](O)[C@H](O)[C@H]1O	C(C1C(C(C(C(O1)O)O)O)O)O	0.8387096774193549
TARA_ARC_108_MAG_00083	TARA_ARC_108_MAG_00083_000000000049_14	3.6.3.17	beta-D-Ribofuranose	OC[C@H]1O[C@@H](O)[C@H](O)[C@@H]1O	C(C1C(C(C(C(O1)O)O)O)O)O	0.8387096774193549
TARA_ARC_108_MAG_00083	TARA_ARC_108_MAG_00083_000000000049_14	3.6.3.17	alpha-D-Glucose	OC[C@H]1O[C@H](O)[C@H](O)[C@@H](O)[C@@H]1O	C(C1C(C(C(C(O1)O)O)O)O)O	1.0
TARA_ARC_108_MAG_00083	TARA_ARC_108_MAG_00083_000000000049_14	3.6.3.17	alpha-D-Mannose	OC[C@H]1O[C@H](O)[C@@H](O)[C@@H](O)[C@@H]1O	C(C1C(C(C(C(O1)O)O)O)O)O	1.0
TARA_ARC_108_MAG_00083	TARA_ARC_108_MAG_00083_000000000049_14	3.6.3.17	beta-D-Mannose	OC[C@H]1O[C@@H](O)[C@@H](O)[C@@H](O)[C@@H]1O	C(C1C(C(C(C(O1)O)O)O)O)O	1.0
TARA_ARC_108_MAG_00083	TARA_ARC_108_MAG_00083_000000000049_14	3.6.3.17	alpha-L-Arabinose	OC[C@@H]1O[C@@H](O)[C@H](O)[C@H]1O	C(C1C(C(C(C(O1)O)O)O)O)O	0.8387096774193549
TARA_ARC_108_MAG_00083	TARA_ARC_108_MAG_00083_000000000049_14	3.6.3.17	D-Altrose	OC[C@H]1OC(O)[C@@H](O)[C@H](O)[C@@H]1O	C(C1C(C(C(C(O1)O)O)O)O)O	1.0
TARA_ARC_108_MAG_00083	TARA_ARC_108_MAG_00083_000000000049_14	3.6.3.17	beta-L-mannose	OC[C@@H]1O[C@H](O)[C@H](O)[C@H](O)[C@H]1O	C(C1C(C(C(C(O1)O)O)O)O)O	1.0
TARA_ARC_108_MAG_00083	TARA_ARC_108_MAG_00083_000000000049_14	3.6.3.17	alpha-L-mannose	OC[C@@H]1O[C@@H](O)[C@H](O)[C@H](O)[C@H]1O	C(C1C(C(C(C(O1)O)O)O)O)O	1.0
TARA_ARC_108_MAG_00083	TARA_ARC_108_MAG_00083_000000000049_14	3.6.3.17	beta-D-arabinofuranose	OC[C@H]1O[C@@H](O)[C@@H](O)[C@@H]1O	C(C1C(C(C(C(O1)O)O)O)O)O	0.8387096774193549
TARA_ARC_108_MAG_00083	TARA_ARC_108_MAG_00083_000000000049_14	3.6.3.17	alpha-D-arabinofuranose	OC[C@H]1O[C@H](O)[C@@H](O)[C@@H]1O	C(C1C(C(C(C(O1)O)O)O)O)O	0.8387096774193549
TARA_ARC_108_MAG_00083	TARA_ARC_108_MAG_00083_000000000049_14	3.6.3.17	L-Glucose	OC[C@@H]1OC(O)[C@@H](O)[C@H](O)[C@H]1O	C(C1C(C(C(C(O1)O)O)O)O)O	1.0
TARA_ARC_108_MAG_00083	TARA_ARC_108_MAG_00083_000000000049_14	3.6.3.17	L-ribose	OC[C@@H]1O[C@H](O)[C@@H](O)[C@H]1O	C(C1C(C(C(C(O1)O)O)O)O)O	0.8387096774193549
TARA_ARC_108_MAG_00083	TARA_ARC_108_MAG_00083_000000000049_14	3.6.3.17	L-Gulose	OC[C@@H]1OC(O)[C@@H](O)[C@@H](O)[C@@H]1O	C(C1C(C(C(C(O1)O)O)O)O)O	1.0
TARA_ARC_108_MAG_00083	TARA_ARC_108_MAG_00083_000000000049_14	3.6.3.17	alpha-D-talose	OC[C@H]1O[C@H](O)[C@@H](O)[C@@H](O)[C@H]1O	C(C1C(C(C(C(O1)O)O)O)O)O	1.0
TARA_ARC_108_MAG_00083	TARA_ARC_108_MAG_00083_000000000049_14	3.6.3.17	D-Gulose	OC[C@H]1OC(O)[C@H](O)[C@H](O)[C@H]1O	C(C1C(C(C(C(O1)O)O)O)O)O	1.0
TARA_ARC_108_MAG_00083	TARA_ARC_108_MAG_00083_000000000049_14	3.6.3.17	D-Idose	OC[C@H]1OC(O)[C@@H](O)[C@H](O)[C@H]1O	C(C1C(C(C(C(O1)O)O)O)O)O	1.0
TARA_ARC_108_MAG_00083	TARA_ARC_108_MAG_00083_000000000049_14	3.6.3.17	beta-L-galactose	OC[C@@H]1O[C@H](O)[C@@H](O)[C@H](O)[C@@H]1O	C(C1C(C(C(C(O1)O)O)O)O)O	1.0
TARA_ARC_108_MAG_00083	TARA_ARC_108_MAG_00083_000000000172_1	3.6.3.17	glc-D-B	OC[C@H]1O[C@@H](O)[C@H](O)[C@@H](O)[C@@H]1O	C(C1C(C(C(C(O1)O)O)O)O)O	1.0
TARA_ARC_108_MAG_00083	TARA_ARC_108_MAG_00083_000000000172_1	3.6.3.17	rib-D	OC[C@H]1OC(O)[C@H](O)[C@@H]1O	C(C1C(C(C(C(O1)O)O)O)O)O	0.8387096774193549
TARA_ARC_108_MAG_00083	TARA_ARC_108_MAG_00083_000000000172_1	3.6.3.17	cll_199	OC[C@H]1O[C@@H](O)[C@H](O)[C@@H](O)[C@H]1O	C(C1C(C(C(C(O1)O)O)O)O)O	1.0
TARA_ARC_108_MAG_00083	TARA_ARC_108_MAG_00083_000000000172_1	3.6.3.17	all-D	OC[C@H]1OC(O)[C@H](O)[C@H](O)[C@@H]1O	C(C1C(C(C(C(O1)O)O)O)O)O	1.0
TARA_ARC_108_MAG_00083	TARA_ARC_108_MAG_00083_000000000172_1	3.6.3.17	alpha-D-Galactose	OC[C@H]1O[C@H](O)[C@H](O)[C@@H](O)[C@H]1O	C(C1C(C(C(C(O1)O)O)O)O)O	1.0
TARA_ARC_108_MAG_00083	TARA_ARC_108_MAG_00083_000000000172_1	3.6.3.17	L-Galactose	OC[C@@H]1OC(O)[C@@H](O)[C@H](O)[C@@H]1O	C(C1C(C(C(C(O1)O)O)O)O)O	1.0
TARA_ARC_108_MAG_00083	TARA_ARC_108_MAG_00083_000000000172_1	3.6.3.17	cll_394	OC[C@@H]1O[C@H](O)[C@H](O)[C@H]1O	C(C1C(C(C(C(O1)O)O)O)O)O	0.8387096774193549
TARA_ARC_108_MAG_00083	TARA_ARC_108_MAG_00083_000000000172_1	3.6.3.17	beta-D-Ribofuranose	OC[C@H]1O[C@@H](O)[C@H](O)[C@@H]1O	C(C1C(C(C(C(O1)O)O)O)O)O	0.8387096774193549
TARA_ARC_108_MAG_00083	TARA_ARC_108_MAG_00083_000000000172_1	3.6.3.17	alpha-D-Glucose	OC[C@H]1O[C@H](O)[C@H](O)[C@@H](O)[C@@H]1O	C(C1C(C(C(C(O1)O)O)O)O)O	1.0
TARA_ARC_108_MAG_00083	TARA_ARC_108_MAG_00083_000000000172_1	3.6.3.17	alpha-D-Mannose	OC[C@H]1O[C@H](O)[C@@H](O)[C@@H](O)[C@@H]1O	C(C1C(C(C(C(O1)O)O)O)O)O	1.0
TARA_ARC_108_MAG_00083	TARA_ARC_108_MAG_00083_000000000172_1	3.6.3.17	beta-D-Mannose	OC[C@H]1O[C@@H](O)[C@@H](O)[C@@H](O)[C@@H]1O	C(C1C(C(C(C(O1)O)O)O)O)O	1.0
TARA_ARC_108_MAG_00083	TARA_ARC_108_MAG_00083_000000000172_1	3.6.3.17	alpha-L-Arabinose	OC[C@@H]1O[C@@H](O)[C@H](O)[C@H]1O	C(C1C(C(C(C(O1)O)O)O)O)O	0.8387096774193549
TARA_ARC_108_MAG_00083	TARA_ARC_108_MAG_00083_000000000172_1	3.6.3.17	D-Altrose	OC[C@H]1OC(O)[C@@H](O)[C@H](O)[C@@H]1O	C(C1C(C(C(C(O1)O)O)O)O)O	1.0
TARA_ARC_108_MAG_00083	TARA_ARC_108_MAG_00083_000000000172_1	3.6.3.17	beta-L-mannose	OC[C@@H]1O[C@H](O)[C@H](O)[C@H](O)[C@H]1O	C(C1C(C(C(C(O1)O)O)O)O)O	1.0
TARA_ARC_108_MAG_00083	TARA_ARC_108_MAG_00083_000000000172_1	3.6.3.17	alpha-L-mannose	OC[C@@H]1O[C@@H](O)[C@H](O)[C@H](O)[C@H]1O	C(C1C(C(C(C(O1)O)O)O)O)O	1.0
TARA_ARC_108_MAG_00083	TARA_ARC_108_MAG_00083_000000000172_1	3.6.3.17	beta-D-arabinofuranose	OC[C@H]1O[C@@H](O)[C@@H](O)[C@@H]1O	C(C1C(C(C(C(O1)O)O)O)O)O	0.8387096774193549
TARA_ARC_108_MAG_00083	TARA_ARC_108_MAG_00083_000000000172_1	3.6.3.17	alpha-D-arabinofuranose	OC[C@H]1O[C@H](O)[C@@H](O)[C@@H]1O	C(C1C(C(C(C(O1)O)O)O)O)O	0.8387096774193549
TARA_ARC_108_MAG_00083	TARA_ARC_108_MAG_00083_000000000172_1	3.6.3.17	L-Glucose	OC[C@@H]1OC(O)[C@@H](O)[C@H](O)[C@H]1O	C(C1C(C(C(C(O1)O)O)O)O)O	1.0
TARA_ARC_108_MAG_00083	TARA_ARC_108_MAG_00083_000000000172_1	3.6.3.17	L-ribose	OC[C@@H]1O[C@H](O)[C@@H](O)[C@H]1O	C(C1C(C(C(C(O1)O)O)O)O)O	0.8387096774193549
TARA_ARC_108_MAG_00083	TARA_ARC_108_MAG_00083_000000000172_1	3.6.3.17	L-Gulose	OC[C@@H]1OC(O)[C@@H](O)[C@@H](O)[C@@H]1O	C(C1C(C(C(C(O1)O)O)O)O)O	1.0
TARA_ARC_108_MAG_00083	TARA_ARC_108_MAG_00083_000000000172_1	3.6.3.17	alpha-D-talose	OC[C@H]1O[C@H](O)[C@@H](O)[C@@H](O)[C@H]1O	C(C1C(C(C(C(O1)O)O)O)O)O	1.0
TARA_ARC_108_MAG_00083	TARA_ARC_108_MAG_00083_000000000172_1	3.6.3.17	D-Gulose	OC[C@H]1OC(O)[C@H](O)[C@H](O)[C@H]1O	C(C1C(C(C(C(O1)O)O)O)O)O	1.0
TARA_ARC_108_MAG_00083	TARA_ARC_108_MAG_00083_000000000172_1	3.6.3.17	D-Idose	OC[C@H]1OC(O)[C@@H](O)[C@H](O)[C@H]1O	C(C1C(C(C(C(O1)O)O)O)O)O	1.0
TARA_ARC_108_MAG_00083	TARA_ARC_108_MAG_00083_000000000172_1	3.6.3.17	beta-L-galactose	OC[C@@H]1O[C@H](O)[C@@H](O)[C@H](O)[C@@H]1O	C(C1C(C(C(C(O1)O)O)O)O)O	1.0
TARA_ARC_108_MAG_00139	TARA_ARC_108_MAG_00139_000000000160_2	3.6.3.17	glc-D-B	OC[C@H]1O[C@@H](O)[C@H](O)[C@@H](O)[C@@H]1O	C(C1C(C(C(C(O1)O)O)O)O)O	1.0
TARA_ARC_108_MAG_00139	TARA_ARC_108_MAG_00139_000000000160_2	3.6.3.17	rib-D	OC[C@H]1OC(O)[C@H](O)[C@@H]1O	C(C1C(C(C(C(O1)O)O)O)O)O	0.8387096774193549
TARA_ARC_108_MAG_00139	TARA_ARC_108_MAG_00139_000000000160_2	3.6.3.17	cll_199	OC[C@H]1O[C@@H](O)[C@H](O)[C@@H](O)[C@H]1O	C(C1C(C(C(C(O1)O)O)O)O)O	1.0
TARA_ARC_108_MAG_00139	TARA_ARC_108_MAG_00139_000000000160_2	3.6.3.17	all-D	OC[C@H]1OC(O)[C@H](O)[C@H](O)[C@@H]1O	C(C1C(C(C(C(O1)O)O)O)O)O	1.0
TARA_ARC_108_MAG_00139	TARA_ARC_108_MAG_00139_000000000160_2	3.6.3.17	alpha-D-Galactose	OC[C@H]1O[C@H](O)[C@H](O)[C@@H](O)[C@H]1O	C(C1C(C(C(C(O1)O)O)O)O)O	1.0
TARA_ARC_108_MAG_00139	TARA_ARC_108_MAG_00139_000000000160_2	3.6.3.17	L-Galactose	OC[C@@H]1OC(O)[C@@H](O)[C@H](O)[C@@H]1O	C(C1C(C(C(C(O1)O)O)O)O)O	1.0
TARA_ARC_108_MAG_00139	TARA_ARC_108_MAG_00139_000000000160_2	3.6.3.17	cll_394	OC[C@@H]1O[C@H](O)[C@H](O)[C@H]1O	C(C1C(C(C(C(O1)O)O)O)O)O	0.8387096774193549
TARA_ARC_108_MAG_00139	TARA_ARC_108_MAG_00139_000000000160_2	3.6.3.17	beta-D-Ribofuranose	OC[C@H]1O[C@@H](O)[C@H](O)[C@@H]1O	C(C1C(C(C(C(O1)O)O)O)O)O	0.8387096774193549
TARA_ARC_108_MAG_00139	TARA_ARC_108_MAG_00139_000000000160_2	3.6.3.17	alpha-D-Glucose	OC[C@H]1O[C@H](O)[C@H](O)[C@@H](O)[C@@H]1O	C(C1C(C(C(C(O1)O)O)O)O)O	1.0
TARA_ARC_108_MAG_00139	TARA_ARC_108_MAG_00139_000000000160_2	3.6.3.17	alpha-D-Mannose	OC[C@H]1O[C@H](O)[C@@H](O)[C@@H](O)[C@@H]1O	C(C1C(C(C(C(O1)O)O)O)O)O	1.0
TARA_ARC_108_MAG_00139	TARA_ARC_108_MAG_00139_000000000160_2	3.6.3.17	beta-D-Mannose	OC[C@H]1O[C@@H](O)[C@@H](O)[C@@H](O)[C@@H]1O	C(C1C(C(C(C(O1)O)O)O)O)O	1.0
TARA_ARC_108_MAG_00139	TARA_ARC_108_MAG_00139_000000000160_2	3.6.3.17	alpha-L-Arabinose	OC[C@@H]1O[C@@H](O)[C@H](O)[C@H]1O	C(C1C(C(C(C(O1)O)O)O)O)O	0.8387096774193549
TARA_ARC_108_MAG_00139	TARA_ARC_108_MAG_00139_000000000160_2	3.6.3.17	D-Altrose	OC[C@H]1OC(O)[C@@H](O)[C@H](O)[C@@H]1O	C(C1C(C(C(C(O1)O)O)O)O)O	1.0
TARA_ARC_108_MAG_00139	TARA_ARC_108_MAG_00139_000000000160_2	3.6.3.17	beta-L-mannose	OC[C@@H]1O[C@H](O)[C@H](O)[C@H](O)[C@H]1O	C(C1C(C(C(C(O1)O)O)O)O)O	1.0
TARA_ARC_108_MAG_00139	TARA_ARC_108_MAG_00139_000000000160_2	3.6.3.17	alpha-L-mannose	OC[C@@H]1O[C@@H](O)[C@H](O)[C@H](O)[C@H]1O	C(C1C(C(C(C(O1)O)O)O)O)O	1.0
TARA_ARC_108_MAG_00139	TARA_ARC_108_MAG_00139_000000000160_2	3.6.3.17	beta-D-arabinofuranose	OC[C@H]1O[C@@H](O)[C@@H](O)[C@@H]1O	C(C1C(C(C(C(O1)O)O)O)O)O	0.8387096774193549
TARA_ARC_108_MAG_00139	TARA_ARC_108_MAG_00139_000000000160_2	3.6.3.17	alpha-D-arabinofuranose	OC[C@H]1O[C@H](O)[C@@H](O)[C@@H]1O	C(C1C(C(C(C(O1)O)O)O)O)O	0.8387096774193549
TARA_ARC_108_MAG_00139	TARA_ARC_108_MAG_00139_000000000160_2	3.6.3.17	L-Glucose	OC[C@@H]1OC(O)[C@@H](O)[C@H](O)[C@H]1O	C(C1C(C(C(C(O1)O)O)O)O)O	1.0
TARA_ARC_108_MAG_00139	TARA_ARC_108_MAG_00139_000000000160_2	3.6.3.17	L-ribose	OC[C@@H]1O[C@H](O)[C@@H](O)[C@H]1O	C(C1C(C(C(C(O1)O)O)O)O)O	0.8387096774193549
TARA_ARC_108_MAG_00139	TARA_ARC_108_MAG_00139_000000000160_2	3.6.3.17	L-Gulose	OC[C@@H]1OC(O)[C@@H](O)[C@@H](O)[C@@H]1O	C(C1C(C(C(C(O1)O)O)O)O)O	1.0
TARA_ARC_108_MAG_00139	TARA_ARC_108_MAG_00139_000000000160_2	3.6.3.17	alpha-D-talose	OC[C@H]1O[C@H](O)[C@@H](O)[C@@H](O)[C@H]1O	C(C1C(C(C(C(O1)O)O)O)O)O	1.0
TARA_ARC_108_MAG_00139	TARA_ARC_108_MAG_00139_000000000160_2	3.6.3.17	D-Gulose	OC[C@H]1OC(O)[C@H](O)[C@H](O)[C@H]1O	C(C1C(C(C(C(O1)O)O)O)O)O	1.0
TARA_ARC_108_MAG_00139	TARA_ARC_108_MAG_00139_000000000160_2	3.6.3.17	D-Idose	OC[C@H]1OC(O)[C@@H](O)[C@H](O)[C@H]1O	C(C1C(C(C(C(O1)O)O)O)O)O	1.0
TARA_ARC_108_MAG_00139	TARA_ARC_108_MAG_00139_000000000160_2	3.6.3.17	beta-L-galactose	OC[C@@H]1O[C@H](O)[C@@H](O)[C@H](O)[C@@H]1O	C(C1C(C(C(C(O1)O)O)O)O)O	1.0
TARA_ARC_108_MAG_00139	TARA_ARC_108_MAG_00139_000000000251_14	3.6.3.17	glc-D-B	OC[C@H]1O[C@@H](O)[C@H](O)[C@@H](O)[C@@H]1O	C(C1C(C(C(C(O1)O)O)O)O)O	1.0
TARA_ARC_108_MAG_00139	TARA_ARC_108_MAG_00139_000000000251_14	3.6.3.17	rib-D	OC[C@H]1OC(O)[C@H](O)[C@@H]1O	C(C1C(C(C(C(O1)O)O)O)O)O	0.8387096774193549
TARA_ARC_108_MAG_00139	TARA_ARC_108_MAG_00139_000000000251_14	3.6.3.17	cll_199	OC[C@H]1O[C@@H](O)[C@H](O)[C@@H](O)[C@H]1O	C(C1C(C(C(C(O1)O)O)O)O)O	1.0
TARA_ARC_108_MAG_00139	TARA_ARC_108_MAG_00139_000000000251_14	3.6.3.17	all-D	OC[C@H]1OC(O)[C@H](O)[C@H](O)[C@@H]1O	C(C1C(C(C(C(O1)O)O)O)O)O	1.0
TARA_ARC_108_MAG_00139	TARA_ARC_108_MAG_00139_000000000251_14	3.6.3.17	alpha-D-Galactose	OC[C@H]1O[C@H](O)[C@H](O)[C@@H](O)[C@H]1O	C(C1C(C(C(C(O1)O)O)O)O)O	1.0
TARA_ARC_108_MAG_00139	TARA_ARC_108_MAG_00139_000000000251_14	3.6.3.17	L-Galactose	OC[C@@H]1OC(O)[C@@H](O)[C@H](O)[C@@H]1O	C(C1C(C(C(C(O1)O)O)O)O)O	1.0
TARA_ARC_108_MAG_00139	TARA_ARC_108_MAG_00139_000000000251_14	3.6.3.17	cll_394	OC[C@@H]1O[C@H](O)[C@H](O)[C@H]1O	C(C1C(C(C(C(O1)O)O)O)O)O	0.8387096774193549
TARA_ARC_108_MAG_00139	TARA_ARC_108_MAG_00139_000000000251_14	3.6.3.17	beta-D-Ribofuranose	OC[C@H]1O[C@@H](O)[C@H](O)[C@@H]1O	C(C1C(C(C(C(O1)O)O)O)O)O	0.8387096774193549
TARA_ARC_108_MAG_00139	TARA_ARC_108_MAG_00139_000000000251_14	3.6.3.17	alpha-D-Glucose	OC[C@H]1O[C@H](O)[C@H](O)[C@@H](O)[C@@H]1O	C(C1C(C(C(C(O1)O)O)O)O)O	1.0
TARA_ARC_108_MAG_00139	TARA_ARC_108_MAG_00139_000000000251_14	3.6.3.17	alpha-D-Mannose	OC[C@H]1O[C@H](O)[C@@H](O)[C@@H](O)[C@@H]1O	C(C1C(C(C(C(O1)O)O)O)O)O	1.0
TARA_ARC_108_MAG_00139	TARA_ARC_108_MAG_00139_000000000251_14	3.6.3.17	beta-D-Mannose	OC[C@H]1O[C@@H](O)[C@@H](O)[C@@H](O)[C@@H]1O	C(C1C(C(C(C(O1)O)O)O)O)O	1.0
TARA_ARC_108_MAG_00139	TARA_ARC_108_MAG_00139_000000000251_14	3.6.3.17	alpha-L-Arabinose	OC[C@@H]1O[C@@H](O)[C@H](O)[C@H]1O	C(C1C(C(C(C(O1)O)O)O)O)O	0.8387096774193549
TARA_ARC_108_MAG_00139	TARA_ARC_108_MAG_00139_000000000251_14	3.6.3.17	D-Altrose	OC[C@H]1OC(O)[C@@H](O)[C@H](O)[C@@H]1O	C(C1C(C(C(C(O1)O)O)O)O)O	1.0
TARA_ARC_108_MAG_00139	TARA_ARC_108_MAG_00139_000000000251_14	3.6.3.17	beta-L-mannose	OC[C@@H]1O[C@H](O)[C@H](O)[C@H](O)[C@H]1O	C(C1C(C(C(C(O1)O)O)O)O)O	1.0
TARA_ARC_108_MAG_00139	TARA_ARC_108_MAG_00139_000000000251_14	3.6.3.17	alpha-L-mannose	OC[C@@H]1O[C@@H](O)[C@H](O)[C@H](O)[C@H]1O	C(C1C(C(C(C(O1)O)O)O)O)O	1.0
TARA_ARC_108_MAG_00139	TARA_ARC_108_MAG_00139_000000000251_14	3.6.3.17	beta-D-arabinofuranose	OC[C@H]1O[C@@H](O)[C@@H](O)[C@@H]1O	C(C1C(C(C(C(O1)O)O)O)O)O	0.8387096774193549
TARA_ARC_108_MAG_00139	TARA_ARC_108_MAG_00139_000000000251_14	3.6.3.17	alpha-D-arabinofuranose	OC[C@H]1O[C@H](O)[C@@H](O)[C@@H]1O	C(C1C(C(C(C(O1)O)O)O)O)O	0.8387096774193549
TARA_ARC_108_MAG_00139	TARA_ARC_108_MAG_00139_000000000251_14	3.6.3.17	L-Glucose	OC[C@@H]1OC(O)[C@@H](O)[C@H](O)[C@H]1O	C(C1C(C(C(C(O1)O)O)O)O)O	1.0
TARA_ARC_108_MAG_00139	TARA_ARC_108_MAG_00139_000000000251_14	3.6.3.17	L-ribose	OC[C@@H]1O[C@H](O)[C@@H](O)[C@H]1O	C(C1C(C(C(C(O1)O)O)O)O)O	0.8387096774193549
TARA_ARC_108_MAG_00139	TARA_ARC_108_MAG_00139_000000000251_14	3.6.3.17	L-Gulose	OC[C@@H]1OC(O)[C@@H](O)[C@@H](O)[C@@H]1O	C(C1C(C(C(C(O1)O)O)O)O)O	1.0
TARA_ARC_108_MAG_00139	TARA_ARC_108_MAG_00139_000000000251_14	3.6.3.17	alpha-D-talose	OC[C@H]1O[C@H](O)[C@@H](O)[C@@H](O)[C@H]1O	C(C1C(C(C(C(O1)O)O)O)O)O	1.0
TARA_ARC_108_MAG_00139	TARA_ARC_108_MAG_00139_000000000251_14	3.6.3.17	D-Gulose	OC[C@H]1OC(O)[C@H](O)[C@H](O)[C@H]1O	C(C1C(C(C(C(O1)O)O)O)O)O	1.0
TARA_ARC_108_MAG_00139	TARA_ARC_108_MAG_00139_000000000251_14	3.6.3.17	D-Idose	OC[C@H]1OC(O)[C@@H](O)[C@H](O)[C@H]1O	C(C1C(C(C(C(O1)O)O)O)O)O	1.0
TARA_ARC_108_MAG_00139	TARA_ARC_108_MAG_00139_000000000251_14	3.6.3.17	beta-L-galactose	OC[C@@H]1O[C@H](O)[C@@H](O)[C@H](O)[C@@H]1O	C(C1C(C(C(C(O1)O)O)O)O)O	1.0
TARA_ARC_108_MAG_00139	TARA_ARC_108_MAG_00139_000000000429_3	3.6.3.17	glc-D-B	OC[C@H]1O[C@@H](O)[C@H](O)[C@@H](O)[C@@H]1O	C(C1C(C(C(C(O1)O)O)O)O)O	1.0
TARA_ARC_108_MAG_00139	TARA_ARC_108_MAG_00139_000000000429_3	3.6.3.17	rib-D	OC[C@H]1OC(O)[C@H](O)[C@@H]1O	C(C1C(C(C(C(O1)O)O)O)O)O	0.8387096774193549
TARA_ARC_108_MAG_00139	TARA_ARC_108_MAG_00139_000000000429_3	3.6.3.17	cll_199	OC[C@H]1O[C@@H](O)[C@H](O)[C@@H](O)[C@H]1O	C(C1C(C(C(C(O1)O)O)O)O)O	1.0
TARA_ARC_108_MAG_00139	TARA_ARC_108_MAG_00139_000000000429_3	3.6.3.17	all-D	OC[C@H]1OC(O)[C@H](O)[C@H](O)[C@@H]1O	C(C1C(C(C(C(O1)O)O)O)O)O	1.0
TARA_ARC_108_MAG_00139	TARA_ARC_108_MAG_00139_000000000429_3	3.6.3.17	alpha-D-Galactose	OC[C@H]1O[C@H](O)[C@H](O)[C@@H](O)[C@H]1O	C(C1C(C(C(C(O1)O)O)O)O)O	1.0
TARA_ARC_108_MAG_00139	TARA_ARC_108_MAG_00139_000000000429_3	3.6.3.17	L-Galactose	OC[C@@H]1OC(O)[C@@H](O)[C@H](O)[C@@H]1O	C(C1C(C(C(C(O1)O)O)O)O)O	1.0
TARA_ARC_108_MAG_00139	TARA_ARC_108_MAG_00139_000000000429_3	3.6.3.17	cll_394	OC[C@@H]1O[C@H](O)[C@H](O)[C@H]1O	C(C1C(C(C(C(O1)O)O)O)O)O	0.8387096774193549
TARA_ARC_108_MAG_00139	TARA_ARC_108_MAG_00139_000000000429_3	3.6.3.17	beta-D-Ribofuranose	OC[C@H]1O[C@@H](O)[C@H](O)[C@@H]1O	C(C1C(C(C(C(O1)O)O)O)O)O	0.8387096774193549
TARA_ARC_108_MAG_00139	TARA_ARC_108_MAG_00139_000000000429_3	3.6.3.17	alpha-D-Glucose	OC[C@H]1O[C@H](O)[C@H](O)[C@@H](O)[C@@H]1O	C(C1C(C(C(C(O1)O)O)O)O)O	1.0
TARA_ARC_108_MAG_00139	TARA_ARC_108_MAG_00139_000000000429_3	3.6.3.17	alpha-D-Mannose	OC[C@H]1O[C@H](O)[C@@H](O)[C@@H](O)[C@@H]1O	C(C1C(C(C(C(O1)O)O)O)O)O	1.0
TARA_ARC_108_MAG_00139	TARA_ARC_108_MAG_00139_000000000429_3	3.6.3.17	beta-D-Mannose	OC[C@H]1O[C@@H](O)[C@@H](O)[C@@H](O)[C@@H]1O	C(C1C(C(C(C(O1)O)O)O)O)O	1.0
TARA_ARC_108_MAG_00139	TARA_ARC_108_MAG_00139_000000000429_3	3.6.3.17	alpha-L-Arabinose	OC[C@@H]1O[C@@H](O)[C@H](O)[C@H]1O	C(C1C(C(C(C(O1)O)O)O)O)O	0.8387096774193549
TARA_ARC_108_MAG_00139	TARA_ARC_108_MAG_00139_000000000429_3	3.6.3.17	D-Altrose	OC[C@H]1OC(O)[C@@H](O)[C@H](O)[C@@H]1O	C(C1C(C(C(C(O1)O)O)O)O)O	1.0
TARA_ARC_108_MAG_00139	TARA_ARC_108_MAG_00139_000000000429_3	3.6.3.17	beta-L-mannose	OC[C@@H]1O[C@H](O)[C@H](O)[C@H](O)[C@H]1O	C(C1C(C(C(C(O1)O)O)O)O)O	1.0
TARA_ARC_108_MAG_00139	TARA_ARC_108_MAG_00139_000000000429_3	3.6.3.17	alpha-L-mannose	OC[C@@H]1O[C@@H](O)[C@H](O)[C@H](O)[C@H]1O	C(C1C(C(C(C(O1)O)O)O)O)O	1.0
TARA_ARC_108_MAG_00139	TARA_ARC_108_MAG_00139_000000000429_3	3.6.3.17	beta-D-arabinofuranose	OC[C@H]1O[C@@H](O)[C@@H](O)[C@@H]1O	C(C1C(C(C(C(O1)O)O)O)O)O	0.8387096774193549
TARA_ARC_108_MAG_00139	TARA_ARC_108_MAG_00139_000000000429_3	3.6.3.17	alpha-D-arabinofuranose	OC[C@H]1O[C@H](O)[C@@H](O)[C@@H]1O	C(C1C(C(C(C(O1)O)O)O)O)O	0.8387096774193549
TARA_ARC_108_MAG_00139	TARA_ARC_108_MAG_00139_000000000429_3	3.6.3.17	L-Glucose	OC[C@@H]1OC(O)[C@@H](O)[C@H](O)[C@H]1O	C(C1C(C(C(C(O1)O)O)O)O)O	1.0
TARA_ARC_108_MAG_00139	TARA_ARC_108_MAG_00139_000000000429_3	3.6.3.17	L-ribose	OC[C@@H]1O[C@H](O)[C@@H](O)[C@H]1O	C(C1C(C(C(C(O1)O)O)O)O)O	0.8387096774193549
TARA_ARC_108_MAG_00139	TARA_ARC_108_MAG_00139_000000000429_3	3.6.3.17	L-Gulose	OC[C@@H]1OC(O)[C@@H](O)[C@@H](O)[C@@H]1O	C(C1C(C(C(C(O1)O)O)O)O)O	1.0
TARA_ARC_108_MAG_00139	TARA_ARC_108_MAG_00139_000000000429_3	3.6.3.17	alpha-D-talose	OC[C@H]1O[C@H](O)[C@@H](O)[C@@H](O)[C@H]1O	C(C1C(C(C(C(O1)O)O)O)O)O	1.0
TARA_ARC_108_MAG_00139	TARA_ARC_108_MAG_00139_000000000429_3	3.6.3.17	D-Gulose	OC[C@H]1OC(O)[C@H](O)[C@H](O)[C@H]1O	C(C1C(C(C(C(O1)O)O)O)O)O	1.0
TARA_ARC_108_MAG_00139	TARA_ARC_108_MAG_00139_000000000429_3	3.6.3.17	D-Idose	OC[C@H]1OC(O)[C@@H](O)[C@H](O)[C@H]1O	C(C1C(C(C(C(O1)O)O)O)O)O	1.0
TARA_ARC_108_MAG_00139	TARA_ARC_108_MAG_00139_000000000429_3	3.6.3.17	beta-L-galactose	OC[C@@H]1O[C@H](O)[C@@H](O)[C@H](O)[C@@H]1O	C(C1C(C(C(C(O1)O)O)O)O)O	1.0
TARA_ARC_108_MAG_00139	TARA_ARC_108_MAG_00139_000000000454_13	3.6.3.17	glc-D-B	OC[C@H]1O[C@@H](O)[C@H](O)[C@@H](O)[C@@H]1O	C(C1C(C(C(C(O1)O)O)O)O)O	1.0
TARA_ARC_108_MAG_00139	TARA_ARC_108_MAG_00139_000000000454_13	3.6.3.17	rib-D	OC[C@H]1OC(O)[C@H](O)[C@@H]1O	C(C1C(C(C(C(O1)O)O)O)O)O	0.8387096774193549
TARA_ARC_108_MAG_00139	TARA_ARC_108_MAG_00139_000000000454_13	3.6.3.17	cll_199	OC[C@H]1O[C@@H](O)[C@H](O)[C@@H](O)[C@H]1O	C(C1C(C(C(C(O1)O)O)O)O)O	1.0
TARA_ARC_108_MAG_00139	TARA_ARC_108_MAG_00139_000000000454_13	3.6.3.17	all-D	OC[C@H]1OC(O)[C@H](O)[C@H](O)[C@@H]1O	C(C1C(C(C(C(O1)O)O)O)O)O	1.0
TARA_ARC_108_MAG_00139	TARA_ARC_108_MAG_00139_000000000454_13	3.6.3.17	alpha-D-Galactose	OC[C@H]1O[C@H](O)[C@H](O)[C@@H](O)[C@H]1O	C(C1C(C(C(C(O1)O)O)O)O)O	1.0
TARA_ARC_108_MAG_00139	TARA_ARC_108_MAG_00139_000000000454_13	3.6.3.17	L-Galactose	OC[C@@H]1OC(O)[C@@H](O)[C@H](O)[C@@H]1O	C(C1C(C(C(C(O1)O)O)O)O)O	1.0
TARA_ARC_108_MAG_00139	TARA_ARC_108_MAG_00139_000000000454_13	3.6.3.17	cll_394	OC[C@@H]1O[C@H](O)[C@H](O)[C@H]1O	C(C1C(C(C(C(O1)O)O)O)O)O	0.8387096774193549
TARA_ARC_108_MAG_00139	TARA_ARC_108_MAG_00139_000000000454_13	3.6.3.17	beta-D-Ribofuranose	OC[C@H]1O[C@@H](O)[C@H](O)[C@@H]1O	C(C1C(C(C(C(O1)O)O)O)O)O	0.8387096774193549
TARA_ARC_108_MAG_00139	TARA_ARC_108_MAG_00139_000000000454_13	3.6.3.17	alpha-D-Glucose	OC[C@H]1O[C@H](O)[C@H](O)[C@@H](O)[C@@H]1O	C(C1C(C(C(C(O1)O)O)O)O)O	1.0
TARA_ARC_108_MAG_00139	TARA_ARC_108_MAG_00139_000000000454_13	3.6.3.17	alpha-D-Mannose	OC[C@H]1O[C@H](O)[C@@H](O)[C@@H](O)[C@@H]1O	C(C1C(C(C(C(O1)O)O)O)O)O	1.0
TARA_ARC_108_MAG_00139	TARA_ARC_108_MAG_00139_000000000454_13	3.6.3.17	beta-D-Mannose	OC[C@H]1O[C@@H](O)[C@@H](O)[C@@H](O)[C@@H]1O	C(C1C(C(C(C(O1)O)O)O)O)O	1.0
TARA_ARC_108_MAG_00139	TARA_ARC_108_MAG_00139_000000000454_13	3.6.3.17	alpha-L-Arabinose	OC[C@@H]1O[C@@H](O)[C@H](O)[C@H]1O	C(C1C(C(C(C(O1)O)O)O)O)O	0.8387096774193549
TARA_ARC_108_MAG_00139	TARA_ARC_108_MAG_00139_000000000454_13	3.6.3.17	D-Altrose	OC[C@H]1OC(O)[C@@H](O)[C@H](O)[C@@H]1O	C(C1C(C(C(C(O1)O)O)O)O)O	1.0
TARA_ARC_108_MAG_00139	TARA_ARC_108_MAG_00139_000000000454_13	3.6.3.17	beta-L-mannose	OC[C@@H]1O[C@H](O)[C@H](O)[C@H](O)[C@H]1O	C(C1C(C(C(C(O1)O)O)O)O)O	1.0
TARA_ARC_108_MAG_00139	TARA_ARC_108_MAG_00139_000000000454_13	3.6.3.17	alpha-L-mannose	OC[C@@H]1O[C@@H](O)[C@H](O)[C@H](O)[C@H]1O	C(C1C(C(C(C(O1)O)O)O)O)O	1.0
TARA_ARC_108_MAG_00139	TARA_ARC_108_MAG_00139_000000000454_13	3.6.3.17	beta-D-arabinofuranose	OC[C@H]1O[C@@H](O)[C@@H](O)[C@@H]1O	C(C1C(C(C(C(O1)O)O)O)O)O	0.8387096774193549
TARA_ARC_108_MAG_00139	TARA_ARC_108_MAG_00139_000000000454_13	3.6.3.17	alpha-D-arabinofuranose	OC[C@H]1O[C@H](O)[C@@H](O)[C@@H]1O	C(C1C(C(C(C(O1)O)O)O)O)O	0.8387096774193549
TARA_ARC_108_MAG_00139	TARA_ARC_108_MAG_00139_000000000454_13	3.6.3.17	L-Glucose	OC[C@@H]1OC(O)[C@@H](O)[C@H](O)[C@H]1O	C(C1C(C(C(C(O1)O)O)O)O)O	1.0
TARA_ARC_108_MAG_00139	TARA_ARC_108_MAG_00139_000000000454_13	3.6.3.17	L-ribose	OC[C@@H]1O[C@H](O)[C@@H](O)[C@H]1O	C(C1C(C(C(C(O1)O)O)O)O)O	0.8387096774193549
TARA_ARC_108_MAG_00139	TARA_ARC_108_MAG_00139_000000000454_13	3.6.3.17	L-Gulose	OC[C@@H]1OC(O)[C@@H](O)[C@@H](O)[C@@H]1O	C(C1C(C(C(C(O1)O)O)O)O)O	1.0
TARA_ARC_108_MAG_00139	TARA_ARC_108_MAG_00139_000000000454_13	3.6.3.17	alpha-D-talose	OC[C@H]1O[C@H](O)[C@@H](O)[C@@H](O)[C@H]1O	C(C1C(C(C(C(O1)O)O)O)O)O	1.0
TARA_ARC_108_MAG_00139	TARA_ARC_108_MAG_00139_000000000454_13	3.6.3.17	D-Gulose	OC[C@H]1OC(O)[C@H](O)[C@H](O)[C@H]1O	C(C1C(C(C(C(O1)O)O)O)O)O	1.0
TARA_ARC_108_MAG_00139	TARA_ARC_108_MAG_00139_000000000454_13	3.6.3.17	D-Idose	OC[C@H]1OC(O)[C@@H](O)[C@H](O)[C@H]1O	C(C1C(C(C(C(O1)O)O)O)O)O	1.0
TARA_ARC_108_MAG_00139	TARA_ARC_108_MAG_00139_000000000454_13	3.6.3.17	beta-L-galactose	OC[C@@H]1O[C@H](O)[C@@H](O)[C@H](O)[C@@H]1O	C(C1C(C(C(C(O1)O)O)O)O)O	1.0
TARA_ARC_108_MAG_00139	TARA_ARC_108_MAG_00139_000000000494_1	3.6.3.17	glc-D-B	OC[C@H]1O[C@@H](O)[C@H](O)[C@@H](O)[C@@H]1O	C(C1C(C(C(C(O1)O)O)O)O)O	1.0
TARA_ARC_108_MAG_00139	TARA_ARC_108_MAG_00139_000000000494_1	3.6.3.17	rib-D	OC[C@H]1OC(O)[C@H](O)[C@@H]1O	C(C1C(C(C(C(O1)O)O)O)O)O	0.8387096774193549
TARA_ARC_108_MAG_00139	TARA_ARC_108_MAG_00139_000000000494_1	3.6.3.17	cll_199	OC[C@H]1O[C@@H](O)[C@H](O)[C@@H](O)[C@H]1O	C(C1C(C(C(C(O1)O)O)O)O)O	1.0
TARA_ARC_108_MAG_00139	TARA_ARC_108_MAG_00139_000000000494_1	3.6.3.17	all-D	OC[C@H]1OC(O)[C@H](O)[C@H](O)[C@@H]1O	C(C1C(C(C(C(O1)O)O)O)O)O	1.0
TARA_ARC_108_MAG_00139	TARA_ARC_108_MAG_00139_000000000494_1	3.6.3.17	alpha-D-Galactose	OC[C@H]1O[C@H](O)[C@H](O)[C@@H](O)[C@H]1O	C(C1C(C(C(C(O1)O)O)O)O)O	1.0
TARA_ARC_108_MAG_00139	TARA_ARC_108_MAG_00139_000000000494_1	3.6.3.17	L-Galactose	OC[C@@H]1OC(O)[C@@H](O)[C@H](O)[C@@H]1O	C(C1C(C(C(C(O1)O)O)O)O)O	1.0
TARA_ARC_108_MAG_00139	TARA_ARC_108_MAG_00139_000000000494_1	3.6.3.17	cll_394	OC[C@@H]1O[C@H](O)[C@H](O)[C@H]1O	C(C1C(C(C(C(O1)O)O)O)O)O	0.8387096774193549
TARA_ARC_108_MAG_00139	TARA_ARC_108_MAG_00139_000000000494_1	3.6.3.17	beta-D-Ribofuranose	OC[C@H]1O[C@@H](O)[C@H](O)[C@@H]1O	C(C1C(C(C(C(O1)O)O)O)O)O	0.8387096774193549
TARA_ARC_108_MAG_00139	TARA_ARC_108_MAG_00139_000000000494_1	3.6.3.17	alpha-D-Glucose	OC[C@H]1O[C@H](O)[C@H](O)[C@@H](O)[C@@H]1O	C(C1C(C(C(C(O1)O)O)O)O)O	1.0
TARA_ARC_108_MAG_00139	TARA_ARC_108_MAG_00139_000000000494_1	3.6.3.17	alpha-D-Mannose	OC[C@H]1O[C@H](O)[C@@H](O)[C@@H](O)[C@@H]1O	C(C1C(C(C(C(O1)O)O)O)O)O	1.0
TARA_ARC_108_MAG_00139	TARA_ARC_108_MAG_00139_000000000494_1	3.6.3.17	beta-D-Mannose	OC[C@H]1O[C@@H](O)[C@@H](O)[C@@H](O)[C@@H]1O	C(C1C(C(C(C(O1)O)O)O)O)O	1.0
TARA_ARC_108_MAG_00139	TARA_ARC_108_MAG_00139_000000000494_1	3.6.3.17	alpha-L-Arabinose	OC[C@@H]1O[C@@H](O)[C@H](O)[C@H]1O	C(C1C(C(C(C(O1)O)O)O)O)O	0.8387096774193549
TARA_ARC_108_MAG_00139	TARA_ARC_108_MAG_00139_000000000494_1	3.6.3.17	D-Altrose	OC[C@H]1OC(O)[C@@H](O)[C@H](O)[C@@H]1O	C(C1C(C(C(C(O1)O)O)O)O)O	1.0
TARA_ARC_108_MAG_00139	TARA_ARC_108_MAG_00139_000000000494_1	3.6.3.17	beta-L-mannose	OC[C@@H]1O[C@H](O)[C@H](O)[C@H](O)[C@H]1O	C(C1C(C(C(C(O1)O)O)O)O)O	1.0
TARA_ARC_108_MAG_00139	TARA_ARC_108_MAG_00139_000000000494_1	3.6.3.17	alpha-L-mannose	OC[C@@H]1O[C@@H](O)[C@H](O)[C@H](O)[C@H]1O	C(C1C(C(C(C(O1)O)O)O)O)O	1.0
TARA_ARC_108_MAG_00139	TARA_ARC_108_MAG_00139_000000000494_1	3.6.3.17	beta-D-arabinofuranose	OC[C@H]1O[C@@H](O)[C@@H](O)[C@@H]1O	C(C1C(C(C(C(O1)O)O)O)O)O	0.8387096774193549
TARA_ARC_108_MAG_00139	TARA_ARC_108_MAG_00139_000000000494_1	3.6.3.17	alpha-D-arabinofuranose	OC[C@H]1O[C@H](O)[C@@H](O)[C@@H]1O	C(C1C(C(C(C(O1)O)O)O)O)O	0.8387096774193549
TARA_ARC_108_MAG_00139	TARA_ARC_108_MAG_00139_000000000494_1	3.6.3.17	L-Glucose	OC[C@@H]1OC(O)[C@@H](O)[C@H](O)[C@H]1O	C(C1C(C(C(C(O1)O)O)O)O)O	1.0
TARA_ARC_108_MAG_00139	TARA_ARC_108_MAG_00139_000000000494_1	3.6.3.17	L-ribose	OC[C@@H]1O[C@H](O)[C@@H](O)[C@H]1O	C(C1C(C(C(C(O1)O)O)O)O)O	0.8387096774193549
TARA_ARC_108_MAG_00139	TARA_ARC_108_MAG_00139_000000000494_1	3.6.3.17	L-Gulose	OC[C@@H]1OC(O)[C@@H](O)[C@@H](O)[C@@H]1O	C(C1C(C(C(C(O1)O)O)O)O)O	1.0
TARA_ARC_108_MAG_00139	TARA_ARC_108_MAG_00139_000000000494_1	3.6.3.17	alpha-D-talose	OC[C@H]1O[C@H](O)[C@@H](O)[C@@H](O)[C@H]1O	C(C1C(C(C(C(O1)O)O)O)O)O	1.0
TARA_ARC_108_MAG_00139	TARA_ARC_108_MAG_00139_000000000494_1	3.6.3.17	D-Gulose	OC[C@H]1OC(O)[C@H](O)[C@H](O)[C@H]1O	C(C1C(C(C(C(O1)O)O)O)O)O	1.0
TARA_ARC_108_MAG_00139	TARA_ARC_108_MAG_00139_000000000494_1	3.6.3.17	D-Idose	OC[C@H]1OC(O)[C@@H](O)[C@H](O)[C@H]1O	C(C1C(C(C(C(O1)O)O)O)O)O	1.0
TARA_ARC_108_MAG_00139	TARA_ARC_108_MAG_00139_000000000494_1	3.6.3.17	beta-L-galactose	OC[C@@H]1O[C@H](O)[C@@H](O)[C@H](O)[C@@H]1O	C(C1C(C(C(C(O1)O)O)O)O)O	1.0
TARA_ARC_108_MAG_00117	TARA_ARC_108_MAG_00117_000000000075_4	3.6.3.17	glc-D-B	OC[C@H]1O[C@@H](O)[C@H](O)[C@@H](O)[C@@H]1O	C(C1C(C(C(C(O1)O)O)O)O)O	1.0
TARA_ARC_108_MAG_00117	TARA_ARC_108_MAG_00117_000000000075_4	3.6.3.17	rib-D	OC[C@H]1OC(O)[C@H](O)[C@@H]1O	C(C1C(C(C(C(O1)O)O)O)O)O	0.8387096774193549
TARA_ARC_108_MAG_00117	TARA_ARC_108_MAG_00117_000000000075_4	3.6.3.17	cll_199	OC[C@H]1O[C@@H](O)[C@H](O)[C@@H](O)[C@H]1O	C(C1C(C(C(C(O1)O)O)O)O)O	1.0
TARA_ARC_108_MAG_00117	TARA_ARC_108_MAG_00117_000000000075_4	3.6.3.17	all-D	OC[C@H]1OC(O)[C@H](O)[C@H](O)[C@@H]1O	C(C1C(C(C(C(O1)O)O)O)O)O	1.0
TARA_ARC_108_MAG_00117	TARA_ARC_108_MAG_00117_000000000075_4	3.6.3.17	alpha-D-Galactose	OC[C@H]1O[C@H](O)[C@H](O)[C@@H](O)[C@H]1O	C(C1C(C(C(C(O1)O)O)O)O)O	1.0
TARA_ARC_108_MAG_00117	TARA_ARC_108_MAG_00117_000000000075_4	3.6.3.17	L-Galactose	OC[C@@H]1OC(O)[C@@H](O)[C@H](O)[C@@H]1O	C(C1C(C(C(C(O1)O)O)O)O)O	1.0
TARA_ARC_108_MAG_00117	TARA_ARC_108_MAG_00117_000000000075_4	3.6.3.17	cll_394	OC[C@@H]1O[C@H](O)[C@H](O)[C@H]1O	C(C1C(C(C(C(O1)O)O)O)O)O	0.8387096774193549
TARA_ARC_108_MAG_00117	TARA_ARC_108_MAG_00117_000000000075_4	3.6.3.17	beta-D-Ribofuranose	OC[C@H]1O[C@@H](O)[C@H](O)[C@@H]1O	C(C1C(C(C(C(O1)O)O)O)O)O	0.8387096774193549
TARA_ARC_108_MAG_00117	TARA_ARC_108_MAG_00117_000000000075_4	3.6.3.17	alpha-D-Glucose	OC[C@H]1O[C@H](O)[C@H](O)[C@@H](O)[C@@H]1O	C(C1C(C(C(C(O1)O)O)O)O)O	1.0
TARA_ARC_108_MAG_00117	TARA_ARC_108_MAG_00117_000000000075_4	3.6.3.17	alpha-D-Mannose	OC[C@H]1O[C@H](O)[C@@H](O)[C@@H](O)[C@@H]1O	C(C1C(C(C(C(O1)O)O)O)O)O	1.0
TARA_ARC_108_MAG_00117	TARA_ARC_108_MAG_00117_000000000075_4	3.6.3.17	beta-D-Mannose	OC[C@H]1O[C@@H](O)[C@@H](O)[C@@H](O)[C@@H]1O	C(C1C(C(C(C(O1)O)O)O)O)O	1.0
TARA_ARC_108_MAG_00117	TARA_ARC_108_MAG_00117_000000000075_4	3.6.3.17	alpha-L-Arabinose	OC[C@@H]1O[C@@H](O)[C@H](O)[C@H]1O	C(C1C(C(C(C(O1)O)O)O)O)O	0.8387096774193549
TARA_ARC_108_MAG_00117	TARA_ARC_108_MAG_00117_000000000075_4	3.6.3.17	D-Altrose	OC[C@H]1OC(O)[C@@H](O)[C@H](O)[C@@H]1O	C(C1C(C(C(C(O1)O)O)O)O)O	1.0
TARA_ARC_108_MAG_00117	TARA_ARC_108_MAG_00117_000000000075_4	3.6.3.17	beta-L-mannose	OC[C@@H]1O[C@H](O)[C@H](O)[C@H](O)[C@H]1O	C(C1C(C(C(C(O1)O)O)O)O)O	1.0
TARA_ARC_108_MAG_00117	TARA_ARC_108_MAG_00117_000000000075_4	3.6.3.17	alpha-L-mannose	OC[C@@H]1O[C@@H](O)[C@H](O)[C@H](O)[C@H]1O	C(C1C(C(C(C(O1)O)O)O)O)O	1.0
TARA_ARC_108_MAG_00117	TARA_ARC_108_MAG_00117_000000000075_4	3.6.3.17	beta-D-arabinofuranose	OC[C@H]1O[C@@H](O)[C@@H](O)[C@@H]1O	C(C1C(C(C(C(O1)O)O)O)O)O	0.8387096774193549
TARA_ARC_108_MAG_00117	TARA_ARC_108_MAG_00117_000000000075_4	3.6.3.17	alpha-D-arabinofuranose	OC[C@H]1O[C@H](O)[C@@H](O)[C@@H]1O	C(C1C(C(C(C(O1)O)O)O)O)O	0.8387096774193549
TARA_ARC_108_MAG_00117	TARA_ARC_108_MAG_00117_000000000075_4	3.6.3.17	L-Glucose	OC[C@@H]1OC(O)[C@@H](O)[C@H](O)[C@H]1O	C(C1C(C(C(C(O1)O)O)O)O)O	1.0
TARA_ARC_108_MAG_00117	TARA_ARC_108_MAG_00117_000000000075_4	3.6.3.17	L-ribose	OC[C@@H]1O[C@H](O)[C@@H](O)[C@H]1O	C(C1C(C(C(C(O1)O)O)O)O)O	0.8387096774193549
TARA_ARC_108_MAG_00117	TARA_ARC_108_MAG_00117_000000000075_4	3.6.3.17	L-Gulose	OC[C@@H]1OC(O)[C@@H](O)[C@@H](O)[C@@H]1O	C(C1C(C(C(C(O1)O)O)O)O)O	1.0
TARA_ARC_108_MAG_00117	TARA_ARC_108_MAG_00117_000000000075_4	3.6.3.17	alpha-D-talose	OC[C@H]1O[C@H](O)[C@@H](O)[C@@H](O)[C@H]1O	C(C1C(C(C(C(O1)O)O)O)O)O	1.0
TARA_ARC_108_MAG_00117	TARA_ARC_108_MAG_00117_000000000075_4	3.6.3.17	D-Gulose	OC[C@H]1OC(O)[C@H](O)[C@H](O)[C@H]1O	C(C1C(C(C(C(O1)O)O)O)O)O	1.0
TARA_ARC_108_MAG_00117	TARA_ARC_108_MAG_00117_000000000075_4	3.6.3.17	D-Idose	OC[C@H]1OC(O)[C@@H](O)[C@H](O)[C@H]1O	C(C1C(C(C(C(O1)O)O)O)O)O	1.0
TARA_ARC_108_MAG_00117	TARA_ARC_108_MAG_00117_000000000075_4	3.6.3.17	beta-L-galactose	OC[C@@H]1O[C@H](O)[C@@H](O)[C@H](O)[C@@H]1O	C(C1C(C(C(C(O1)O)O)O)O)O	1.0
TARA_ARC_108_MAG_00117	TARA_ARC_108_MAG_00117_000000000096_1	3.6.3.17	glc-D-B	OC[C@H]1O[C@@H](O)[C@H](O)[C@@H](O)[C@@H]1O	C(C1C(C(C(C(O1)O)O)O)O)O	1.0
TARA_ARC_108_MAG_00117	TARA_ARC_108_MAG_00117_000000000096_1	3.6.3.17	rib-D	OC[C@H]1OC(O)[C@H](O)[C@@H]1O	C(C1C(C(C(C(O1)O)O)O)O)O	0.8387096774193549
TARA_ARC_108_MAG_00117	TARA_ARC_108_MAG_00117_000000000096_1	3.6.3.17	cll_199	OC[C@H]1O[C@@H](O)[C@H](O)[C@@H](O)[C@H]1O	C(C1C(C(C(C(O1)O)O)O)O)O	1.0
TARA_ARC_108_MAG_00117	TARA_ARC_108_MAG_00117_000000000096_1	3.6.3.17	all-D	OC[C@H]1OC(O)[C@H](O)[C@H](O)[C@@H]1O	C(C1C(C(C(C(O1)O)O)O)O)O	1.0
TARA_ARC_108_MAG_00117	TARA_ARC_108_MAG_00117_000000000096_1	3.6.3.17	alpha-D-Galactose	OC[C@H]1O[C@H](O)[C@H](O)[C@@H](O)[C@H]1O	C(C1C(C(C(C(O1)O)O)O)O)O	1.0
TARA_ARC_108_MAG_00117	TARA_ARC_108_MAG_00117_000000000096_1	3.6.3.17	L-Galactose	OC[C@@H]1OC(O)[C@@H](O)[C@H](O)[C@@H]1O	C(C1C(C(C(C(O1)O)O)O)O)O	1.0
TARA_ARC_108_MAG_00117	TARA_ARC_108_MAG_00117_000000000096_1	3.6.3.17	cll_394	OC[C@@H]1O[C@H](O)[C@H](O)[C@H]1O	C(C1C(C(C(C(O1)O)O)O)O)O	0.8387096774193549
TARA_ARC_108_MAG_00117	TARA_ARC_108_MAG_00117_000000000096_1	3.6.3.17	beta-D-Ribofuranose	OC[C@H]1O[C@@H](O)[C@H](O)[C@@H]1O	C(C1C(C(C(C(O1)O)O)O)O)O	0.8387096774193549
TARA_ARC_108_MAG_00117	TARA_ARC_108_MAG_00117_000000000096_1	3.6.3.17	alpha-D-Glucose	OC[C@H]1O[C@H](O)[C@H](O)[C@@H](O)[C@@H]1O	C(C1C(C(C(C(O1)O)O)O)O)O	1.0
TARA_ARC_108_MAG_00117	TARA_ARC_108_MAG_00117_000000000096_1	3.6.3.17	alpha-D-Mannose	OC[C@H]1O[C@H](O)[C@@H](O)[C@@H](O)[C@@H]1O	C(C1C(C(C(C(O1)O)O)O)O)O	1.0
TARA_ARC_108_MAG_00117	TARA_ARC_108_MAG_00117_000000000096_1	3.6.3.17	beta-D-Mannose	OC[C@H]1O[C@@H](O)[C@@H](O)[C@@H](O)[C@@H]1O	C(C1C(C(C(C(O1)O)O)O)O)O	1.0
TARA_ARC_108_MAG_00117	TARA_ARC_108_MAG_00117_000000000096_1	3.6.3.17	alpha-L-Arabinose	OC[C@@H]1O[C@@H](O)[C@H](O)[C@H]1O	C(C1C(C(C(C(O1)O)O)O)O)O	0.8387096774193549
TARA_ARC_108_MAG_00117	TARA_ARC_108_MAG_00117_000000000096_1	3.6.3.17	D-Altrose	OC[C@H]1OC(O)[C@@H](O)[C@H](O)[C@@H]1O	C(C1C(C(C(C(O1)O)O)O)O)O	1.0
TARA_ARC_108_MAG_00117	TARA_ARC_108_MAG_00117_000000000096_1	3.6.3.17	beta-L-mannose	OC[C@@H]1O[C@H](O)[C@H](O)[C@H](O)[C@H]1O	C(C1C(C(C(C(O1)O)O)O)O)O	1.0
TARA_ARC_108_MAG_00117	TARA_ARC_108_MAG_00117_000000000096_1	3.6.3.17	alpha-L-mannose	OC[C@@H]1O[C@@H](O)[C@H](O)[C@H](O)[C@H]1O	C(C1C(C(C(C(O1)O)O)O)O)O	1.0
TARA_ARC_108_MAG_00117	TARA_ARC_108_MAG_00117_000000000096_1	3.6.3.17	beta-D-arabinofuranose	OC[C@H]1O[C@@H](O)[C@@H](O)[C@@H]1O	C(C1C(C(C(C(O1)O)O)O)O)O	0.8387096774193549
TARA_ARC_108_MAG_00117	TARA_ARC_108_MAG_00117_000000000096_1	3.6.3.17	alpha-D-arabinofuranose	OC[C@H]1O[C@H](O)[C@@H](O)[C@@H]1O	C(C1C(C(C(C(O1)O)O)O)O)O	0.8387096774193549
TARA_ARC_108_MAG_00117	TARA_ARC_108_MAG_00117_000000000096_1	3.6.3.17	L-Glucose	OC[C@@H]1OC(O)[C@@H](O)[C@H](O)[C@H]1O	C(C1C(C(C(C(O1)O)O)O)O)O	1.0
TARA_ARC_108_MAG_00117	TARA_ARC_108_MAG_00117_000000000096_1	3.6.3.17	L-ribose	OC[C@@H]1O[C@H](O)[C@@H](O)[C@H]1O	C(C1C(C(C(C(O1)O)O)O)O)O	0.8387096774193549
TARA_ARC_108_MAG_00117	TARA_ARC_108_MAG_00117_000000000096_1	3.6.3.17	L-Gulose	OC[C@@H]1OC(O)[C@@H](O)[C@@H](O)[C@@H]1O	C(C1C(C(C(C(O1)O)O)O)O)O	1.0
TARA_ARC_108_MAG_00117	TARA_ARC_108_MAG_00117_000000000096_1	3.6.3.17	alpha-D-talose	OC[C@H]1O[C@H](O)[C@@H](O)[C@@H](O)[C@H]1O	C(C1C(C(C(C(O1)O)O)O)O)O	1.0
TARA_ARC_108_MAG_00117	TARA_ARC_108_MAG_00117_000000000096_1	3.6.3.17	D-Gulose	OC[C@H]1OC(O)[C@H](O)[C@H](O)[C@H]1O	C(C1C(C(C(C(O1)O)O)O)O)O	1.0
TARA_ARC_108_MAG_00117	TARA_ARC_108_MAG_00117_000000000096_1	3.6.3.17	D-Idose	OC[C@H]1OC(O)[C@@H](O)[C@H](O)[C@H]1O	C(C1C(C(C(C(O1)O)O)O)O)O	1.0
TARA_ARC_108_MAG_00117	TARA_ARC_108_MAG_00117_000000000096_1	3.6.3.17	beta-L-galactose	OC[C@@H]1O[C@H](O)[C@@H](O)[C@H](O)[C@@H]1O	C(C1C(C(C(C(O1)O)O)O)O)O	1.0
TARA_ARC_108_MAG_00117	TARA_ARC_108_MAG_00117_000000000135_6	3.6.3.17	glc-D-B	OC[C@H]1O[C@@H](O)[C@H](O)[C@@H](O)[C@@H]1O	C(C1C(C(C(C(O1)O)O)O)O)O	1.0
TARA_ARC_108_MAG_00117	TARA_ARC_108_MAG_00117_000000000135_6	3.6.3.17	rib-D	OC[C@H]1OC(O)[C@H](O)[C@@H]1O	C(C1C(C(C(C(O1)O)O)O)O)O	0.8387096774193549
TARA_ARC_108_MAG_00117	TARA_ARC_108_MAG_00117_000000000135_6	3.6.3.17	cll_199	OC[C@H]1O[C@@H](O)[C@H](O)[C@@H](O)[C@H]1O	C(C1C(C(C(C(O1)O)O)O)O)O	1.0
TARA_ARC_108_MAG_00117	TARA_ARC_108_MAG_00117_000000000135_6	3.6.3.17	all-D	OC[C@H]1OC(O)[C@H](O)[C@H](O)[C@@H]1O	C(C1C(C(C(C(O1)O)O)O)O)O	1.0
TARA_ARC_108_MAG_00117	TARA_ARC_108_MAG_00117_000000000135_6	3.6.3.17	alpha-D-Galactose	OC[C@H]1O[C@H](O)[C@H](O)[C@@H](O)[C@H]1O	C(C1C(C(C(C(O1)O)O)O)O)O	1.0
TARA_ARC_108_MAG_00117	TARA_ARC_108_MAG_00117_000000000135_6	3.6.3.17	L-Galactose	OC[C@@H]1OC(O)[C@@H](O)[C@H](O)[C@@H]1O	C(C1C(C(C(C(O1)O)O)O)O)O	1.0
TARA_ARC_108_MAG_00117	TARA_ARC_108_MAG_00117_000000000135_6	3.6.3.17	cll_394	OC[C@@H]1O[C@H](O)[C@H](O)[C@H]1O	C(C1C(C(C(C(O1)O)O)O)O)O	0.8387096774193549
TARA_ARC_108_MAG_00117	TARA_ARC_108_MAG_00117_000000000135_6	3.6.3.17	beta-D-Ribofuranose	OC[C@H]1O[C@@H](O)[C@H](O)[C@@H]1O	C(C1C(C(C(C(O1)O)O)O)O)O	0.8387096774193549
TARA_ARC_108_MAG_00117	TARA_ARC_108_MAG_00117_000000000135_6	3.6.3.17	alpha-D-Glucose	OC[C@H]1O[C@H](O)[C@H](O)[C@@H](O)[C@@H]1O	C(C1C(C(C(C(O1)O)O)O)O)O	1.0
TARA_ARC_108_MAG_00117	TARA_ARC_108_MAG_00117_000000000135_6	3.6.3.17	alpha-D-Mannose	OC[C@H]1O[C@H](O)[C@@H](O)[C@@H](O)[C@@H]1O	C(C1C(C(C(C(O1)O)O)O)O)O	1.0
TARA_ARC_108_MAG_00117	TARA_ARC_108_MAG_00117_000000000135_6	3.6.3.17	beta-D-Mannose	OC[C@H]1O[C@@H](O)[C@@H](O)[C@@H](O)[C@@H]1O	C(C1C(C(C(C(O1)O)O)O)O)O	1.0
TARA_ARC_108_MAG_00117	TARA_ARC_108_MAG_00117_000000000135_6	3.6.3.17	alpha-L-Arabinose	OC[C@@H]1O[C@@H](O)[C@H](O)[C@H]1O	C(C1C(C(C(C(O1)O)O)O)O)O	0.8387096774193549
TARA_ARC_108_MAG_00117	TARA_ARC_108_MAG_00117_000000000135_6	3.6.3.17	D-Altrose	OC[C@H]1OC(O)[C@@H](O)[C@H](O)[C@@H]1O	C(C1C(C(C(C(O1)O)O)O)O)O	1.0
TARA_ARC_108_MAG_00117	TARA_ARC_108_MAG_00117_000000000135_6	3.6.3.17	beta-L-mannose	OC[C@@H]1O[C@H](O)[C@H](O)[C@H](O)[C@H]1O	C(C1C(C(C(C(O1)O)O)O)O)O	1.0
TARA_ARC_108_MAG_00117	TARA_ARC_108_MAG_00117_000000000135_6	3.6.3.17	alpha-L-mannose	OC[C@@H]1O[C@@H](O)[C@H](O)[C@H](O)[C@H]1O	C(C1C(C(C(C(O1)O)O)O)O)O	1.0
TARA_ARC_108_MAG_00117	TARA_ARC_108_MAG_00117_000000000135_6	3.6.3.17	beta-D-arabinofuranose	OC[C@H]1O[C@@H](O)[C@@H](O)[C@@H]1O	C(C1C(C(C(C(O1)O)O)O)O)O	0.8387096774193549
TARA_ARC_108_MAG_00117	TARA_ARC_108_MAG_00117_000000000135_6	3.6.3.17	alpha-D-arabinofuranose	OC[C@H]1O[C@H](O)[C@@H](O)[C@@H]1O	C(C1C(C(C(C(O1)O)O)O)O)O	0.8387096774193549
TARA_ARC_108_MAG_00117	TARA_ARC_108_MAG_00117_000000000135_6	3.6.3.17	L-Glucose	OC[C@@H]1OC(O)[C@@H](O)[C@H](O)[C@H]1O	C(C1C(C(C(C(O1)O)O)O)O)O	1.0
TARA_ARC_108_MAG_00117	TARA_ARC_108_MAG_00117_000000000135_6	3.6.3.17	L-ribose	OC[C@@H]1O[C@H](O)[C@@H](O)[C@H]1O	C(C1C(C(C(C(O1)O)O)O)O)O	0.8387096774193549
TARA_ARC_108_MAG_00117	TARA_ARC_108_MAG_00117_000000000135_6	3.6.3.17	L-Gulose	OC[C@@H]1OC(O)[C@@H](O)[C@@H](O)[C@@H]1O	C(C1C(C(C(C(O1)O)O)O)O)O	1.0
TARA_ARC_108_MAG_00117	TARA_ARC_108_MAG_00117_000000000135_6	3.6.3.17	alpha-D-talose	OC[C@H]1O[C@H](O)[C@@H](O)[C@@H](O)[C@H]1O	C(C1C(C(C(C(O1)O)O)O)O)O	1.0
TARA_ARC_108_MAG_00117	TARA_ARC_108_MAG_00117_000000000135_6	3.6.3.17	D-Gulose	OC[C@H]1OC(O)[C@H](O)[C@H](O)[C@H]1O	C(C1C(C(C(C(O1)O)O)O)O)O	1.0
TARA_ARC_108_MAG_00117	TARA_ARC_108_MAG_00117_000000000135_6	3.6.3.17	D-Idose	OC[C@H]1OC(O)[C@@H](O)[C@H](O)[C@H]1O	C(C1C(C(C(C(O1)O)O)O)O)O	1.0
TARA_ARC_108_MAG_00117	TARA_ARC_108_MAG_00117_000000000135_6	3.6.3.17	beta-L-galactose	OC[C@@H]1O[C@H](O)[C@@H](O)[C@H](O)[C@@H]1O	C(C1C(C(C(C(O1)O)O)O)O)O	1.0
TARA_ARC_108_MAG_00117	TARA_ARC_108_MAG_00117_000000000347_1	3.6.3.17	glc-D-B	OC[C@H]1O[C@@H](O)[C@H](O)[C@@H](O)[C@@H]1O	C(C1C(C(C(C(O1)O)O)O)O)O	1.0
TARA_ARC_108_MAG_00117	TARA_ARC_108_MAG_00117_000000000347_1	3.6.3.17	rib-D	OC[C@H]1OC(O)[C@H](O)[C@@H]1O	C(C1C(C(C(C(O1)O)O)O)O)O	0.8387096774193549
TARA_ARC_108_MAG_00117	TARA_ARC_108_MAG_00117_000000000347_1	3.6.3.17	cll_199	OC[C@H]1O[C@@H](O)[C@H](O)[C@@H](O)[C@H]1O	C(C1C(C(C(C(O1)O)O)O)O)O	1.0
TARA_ARC_108_MAG_00117	TARA_ARC_108_MAG_00117_000000000347_1	3.6.3.17	all-D	OC[C@H]1OC(O)[C@H](O)[C@H](O)[C@@H]1O	C(C1C(C(C(C(O1)O)O)O)O)O	1.0
TARA_ARC_108_MAG_00117	TARA_ARC_108_MAG_00117_000000000347_1	3.6.3.17	alpha-D-Galactose	OC[C@H]1O[C@H](O)[C@H](O)[C@@H](O)[C@H]1O	C(C1C(C(C(C(O1)O)O)O)O)O	1.0
TARA_ARC_108_MAG_00117	TARA_ARC_108_MAG_00117_000000000347_1	3.6.3.17	L-Galactose	OC[C@@H]1OC(O)[C@@H](O)[C@H](O)[C@@H]1O	C(C1C(C(C(C(O1)O)O)O)O)O	1.0
TARA_ARC_108_MAG_00117	TARA_ARC_108_MAG_00117_000000000347_1	3.6.3.17	cll_394	OC[C@@H]1O[C@H](O)[C@H](O)[C@H]1O	C(C1C(C(C(C(O1)O)O)O)O)O	0.8387096774193549
TARA_ARC_108_MAG_00117	TARA_ARC_108_MAG_00117_000000000347_1	3.6.3.17	beta-D-Ribofuranose	OC[C@H]1O[C@@H](O)[C@H](O)[C@@H]1O	C(C1C(C(C(C(O1)O)O)O)O)O	0.8387096774193549
TARA_ARC_108_MAG_00117	TARA_ARC_108_MAG_00117_000000000347_1	3.6.3.17	alpha-D-Glucose	OC[C@H]1O[C@H](O)[C@H](O)[C@@H](O)[C@@H]1O	C(C1C(C(C(C(O1)O)O)O)O)O	1.0
TARA_ARC_108_MAG_00117	TARA_ARC_108_MAG_00117_000000000347_1	3.6.3.17	alpha-D-Mannose	OC[C@H]1O[C@H](O)[C@@H](O)[C@@H](O)[C@@H]1O	C(C1C(C(C(C(O1)O)O)O)O)O	1.0
TARA_ARC_108_MAG_00117	TARA_ARC_108_MAG_00117_000000000347_1	3.6.3.17	beta-D-Mannose	OC[C@H]1O[C@@H](O)[C@@H](O)[C@@H](O)[C@@H]1O	C(C1C(C(C(C(O1)O)O)O)O)O	1.0
TARA_ARC_108_MAG_00117	TARA_ARC_108_MAG_00117_000000000347_1	3.6.3.17	alpha-L-Arabinose	OC[C@@H]1O[C@@H](O)[C@H](O)[C@H]1O	C(C1C(C(C(C(O1)O)O)O)O)O	0.8387096774193549
TARA_ARC_108_MAG_00117	TARA_ARC_108_MAG_00117_000000000347_1	3.6.3.17	D-Altrose	OC[C@H]1OC(O)[C@@H](O)[C@H](O)[C@@H]1O	C(C1C(C(C(C(O1)O)O)O)O)O	1.0
TARA_ARC_108_MAG_00117	TARA_ARC_108_MAG_00117_000000000347_1	3.6.3.17	beta-L-mannose	OC[C@@H]1O[C@H](O)[C@H](O)[C@H](O)[C@H]1O	C(C1C(C(C(C(O1)O)O)O)O)O	1.0
TARA_ARC_108_MAG_00117	TARA_ARC_108_MAG_00117_000000000347_1	3.6.3.17	alpha-L-mannose	OC[C@@H]1O[C@@H](O)[C@H](O)[C@H](O)[C@H]1O	C(C1C(C(C(C(O1)O)O)O)O)O	1.0
TARA_ARC_108_MAG_00117	TARA_ARC_108_MAG_00117_000000000347_1	3.6.3.17	beta-D-arabinofuranose	OC[C@H]1O[C@@H](O)[C@@H](O)[C@@H]1O	C(C1C(C(C(C(O1)O)O)O)O)O	0.8387096774193549
TARA_ARC_108_MAG_00117	TARA_ARC_108_MAG_00117_000000000347_1	3.6.3.17	alpha-D-arabinofuranose	OC[C@H]1O[C@H](O)[C@@H](O)[C@@H]1O	C(C1C(C(C(C(O1)O)O)O)O)O	0.8387096774193549
TARA_ARC_108_MAG_00117	TARA_ARC_108_MAG_00117_000000000347_1	3.6.3.17	L-Glucose	OC[C@@H]1OC(O)[C@@H](O)[C@H](O)[C@H]1O	C(C1C(C(C(C(O1)O)O)O)O)O	1.0
TARA_ARC_108_MAG_00117	TARA_ARC_108_MAG_00117_000000000347_1	3.6.3.17	L-ribose	OC[C@@H]1O[C@H](O)[C@@H](O)[C@H]1O	C(C1C(C(C(C(O1)O)O)O)O)O	0.8387096774193549
TARA_ARC_108_MAG_00117	TARA_ARC_108_MAG_00117_000000000347_1	3.6.3.17	L-Gulose	OC[C@@H]1OC(O)[C@@H](O)[C@@H](O)[C@@H]1O	C(C1C(C(C(C(O1)O)O)O)O)O	1.0
TARA_ARC_108_MAG_00117	TARA_ARC_108_MAG_00117_000000000347_1	3.6.3.17	alpha-D-talose	OC[C@H]1O[C@H](O)[C@@H](O)[C@@H](O)[C@H]1O	C(C1C(C(C(C(O1)O)O)O)O)O	1.0
TARA_ARC_108_MAG_00117	TARA_ARC_108_MAG_00117_000000000347_1	3.6.3.17	D-Gulose	OC[C@H]1OC(O)[C@H](O)[C@H](O)[C@H]1O	C(C1C(C(C(C(O1)O)O)O)O)O	1.0
TARA_ARC_108_MAG_00117	TARA_ARC_108_MAG_00117_000000000347_1	3.6.3.17	D-Idose	OC[C@H]1OC(O)[C@@H](O)[C@H](O)[C@H]1O	C(C1C(C(C(C(O1)O)O)O)O)O	1.0
TARA_ARC_108_MAG_00117	TARA_ARC_108_MAG_00117_000000000347_1	3.6.3.17	beta-L-galactose	OC[C@@H]1O[C@H](O)[C@@H](O)[C@H](O)[C@@H]1O	C(C1C(C(C(C(O1)O)O)O)O)O	1.0
TARA_ARC_108_MAG_00083	TARA_ARC_108_MAG_00083_000000000054_9	3.1.3.93	L-Galactose	OC[C@@H]1OC(O)[C@@H](O)[C@H](O)[C@@H]1O	C(C1C(C(C(C(O1)O)O)O)O)O	1.0
TARA_ARC_108_MAG_00139	TARA_ARC_108_MAG_00139_000000000453_3	3.1.3.93	L-Galactose	OC[C@@H]1OC(O)[C@@H](O)[C@H](O)[C@@H]1O	C(C1C(C(C(C(O1)O)O)O)O)O	1.0
TARA_ARC_108_MAG_00117	TARA_ARC_108_MAG_00117_000000000224_11	3.1.3.93	L-Galactose	OC[C@@H]1OC(O)[C@@H](O)[C@H](O)[C@@H]1O	C(C1C(C(C(C(O1)O)O)O)O)O	1.0
TARA_ARC_108_MAG_00083	TARA_ARC_108_MAG_00083_000000000145_6	3.5.1.11	Penicillin G	CC1(C)S[C@@H]2[C@H](NC(=O)Cc3ccccc3)C(=O)N2[C@H]1C(=O)[O-]	[H][C@]12SC(C)(C)[C@@H](N1C(=O)[C@H]2NC(=O)CC1=CC=CC=C1)C(O)=O	0.8529411764705882
TARA_ARC_108_MAG_00139	TARA_ARC_108_MAG_00139_000000000305_3	3.5.1.11	Penicillin G	CC1(C)S[C@@H]2[C@H](NC(=O)Cc3ccccc3)C(=O)N2[C@H]1C(=O)[O-]	[H][C@]12SC(C)(C)[C@@H](N1C(=O)[C@H]2NC(=O)CC1=CC=CC=C1)C(O)=O	0.8529411764705882
TARA_ARC_108_MAG_00117	TARA_ARC_108_MAG_00117_000000000313_6	3.5.1.11	Penicillin G	CC1(C)S[C@@H]2[C@H](NC(=O)Cc3ccccc3)C(=O)N2[C@H]1C(=O)[O-]	[H][C@]12SC(C)(C)[C@@H](N1C(=O)[C@H]2NC(=O)CC1=CC=CC=C1)C(O)=O	0.8529411764705882
TARA_ARC_108_MAG_00201	TARA_ARC_108_MAG_00201_000000000020_3	3.5.1.11	Penicillin G	CC1(C)S[C@@H]2[C@H](NC(=O)Cc3ccccc3)C(=O)N2[C@H]1C(=O)[O-]	[H][C@]12SC(C)(C)[C@@H](N1C(=O)[C@H]2NC(=O)CC1=CC=CC=C1)C(O)=O	0.8529411764705882
TARA_ARC_108_MAG_00179	TARA_ARC_108_MAG_00179_000000000152_1	3.5.1.11	Penicillin G	CC1(C)S[C@@H]2[C@H](NC(=O)Cc3ccccc3)C(=O)N2[C@H]1C(=O)[O-]	[H][C@]12SC(C)(C)[C@@H](N1C(=O)[C@H]2NC(=O)CC1=CC=CC=C1)C(O)=O	0.8529411764705882
TARA_ARC_108_MAG_00179	TARA_ARC_108_MAG_00179_000000000208_3	3.5.1.11	Penicillin G	CC1(C)S[C@@H]2[C@H](NC(=O)Cc3ccccc3)C(=O)N2[C@H]1C(=O)[O-]	[H][C@]12SC(C)(C)[C@@H](N1C(=O)[C@H]2NC(=O)CC1=CC=CC=C1)C(O)=O	0.8529411764705882
TARA_ARC_108_MAG_00139	TARA_ARC_108_MAG_00139_000000000047_1	5.3.1.5	glc-D	OC[C@H]1OC(O)[C@H](O)[C@@H](O)[C@@H]1O	C(C1C(C(C(C(O1)O)O)O)O)O	1.0
TARA_ARC_108_MAG_00139	TARA_ARC_108_MAG_00139_000000000047_1	5.3.1.5	glc-D-B	OC[C@H]1O[C@@H](O)[C@H](O)[C@@H](O)[C@@H]1O	C(C1C(C(C(C(O1)O)O)O)O)O	1.0
TARA_ARC_108_MAG_00139	TARA_ARC_108_MAG_00139_000000000047_1	5.3.1.5	alpha-D-Glucose	OC[C@H]1O[C@H](O)[C@H](O)[C@@H](O)[C@@H]1O	C(C1C(C(C(C(O1)O)O)O)O)O	1.0
TARA_ARC_108_MAG_00117	TARA_ARC_108_MAG_00117_000000000218_2	5.3.1.5	glc-D	OC[C@H]1OC(O)[C@H](O)[C@@H](O)[C@@H]1O	C(C1C(C(C(C(O1)O)O)O)O)O	1.0
TARA_ARC_108_MAG_00117	TARA_ARC_108_MAG_00117_000000000218_2	5.3.1.5	glc-D-B	OC[C@H]1O[C@@H](O)[C@H](O)[C@@H](O)[C@@H]1O	C(C1C(C(C(C(O1)O)O)O)O)O	1.0
TARA_ARC_108_MAG_00117	TARA_ARC_108_MAG_00117_000000000218_2	5.3.1.5	alpha-D-Glucose	OC[C@H]1O[C@H](O)[C@H](O)[C@@H](O)[C@@H]1O	C(C1C(C(C(C(O1)O)O)O)O)O	1.0
TARA_ARC_108_MAG_00179	TARA_ARC_108_MAG_00179_000000000104_11	5.3.1.5	glc-D	OC[C@H]1OC(O)[C@H](O)[C@@H](O)[C@@H]1O	C(C1C(C(C(C(O1)O)O)O)O)O	1.0
TARA_ARC_108_MAG_00179	TARA_ARC_108_MAG_00179_000000000104_11	5.3.1.5	glc-D-B	OC[C@H]1O[C@@H](O)[C@H](O)[C@@H](O)[C@@H]1O	C(C1C(C(C(C(O1)O)O)O)O)O	1.0
TARA_ARC_108_MAG_00179	TARA_ARC_108_MAG_00179_000000000104_11	5.3.1.5	alpha-D-Glucose	OC[C@H]1O[C@H](O)[C@H](O)[C@@H](O)[C@@H]1O	C(C1C(C(C(C(O1)O)O)O)O)O	1.0
TARA_ARC_108_MAG_00139	TARA_ARC_108_MAG_00139_000000000115_1	1.1.1.120	gal	OC[C@H]1OC(O)[C@H](O)[C@@H](O)[C@H]1O	C(C1C(C(C(C(O1)O)O)O)O)O	1.0
TARA_ARC_108_MAG_00139	TARA_ARC_108_MAG_00139_000000000115_1	1.1.1.120	cll_199	OC[C@H]1O[C@@H](O)[C@H](O)[C@@H](O)[C@H]1O	C(C1C(C(C(C(O1)O)O)O)O)O	1.0
TARA_ARC_108_MAG_00139	TARA_ARC_108_MAG_00139_000000000115_1	1.1.1.120	alpha-D-Galactose	OC[C@H]1O[C@H](O)[C@H](O)[C@@H](O)[C@H]1O	C(C1C(C(C(C(O1)O)O)O)O)O	1.0
TARA_ARC_108_MAG_00139	TARA_ARC_108_MAG_00139_000000000285_1	1.1.1.120	gal	OC[C@H]1OC(O)[C@H](O)[C@@H](O)[C@H]1O	C(C1C(C(C(C(O1)O)O)O)O)O	1.0
TARA_ARC_108_MAG_00139	TARA_ARC_108_MAG_00139_000000000285_1	1.1.1.120	cll_199	OC[C@H]1O[C@@H](O)[C@H](O)[C@@H](O)[C@H]1O	C(C1C(C(C(C(O1)O)O)O)O)O	1.0
TARA_ARC_108_MAG_00139	TARA_ARC_108_MAG_00139_000000000285_1	1.1.1.120	alpha-D-Galactose	OC[C@H]1O[C@H](O)[C@H](O)[C@@H](O)[C@H]1O	C(C1C(C(C(C(O1)O)O)O)O)O	1.0
TARA_ARC_108_MAG_00117	TARA_ARC_108_MAG_00117_000000000022_33	1.1.1.120	gal	OC[C@H]1OC(O)[C@H](O)[C@@H](O)[C@H]1O	C(C1C(C(C(C(O1)O)O)O)O)O	1.0
TARA_ARC_108_MAG_00117	TARA_ARC_108_MAG_00117_000000000022_33	1.1.1.120	cll_199	OC[C@H]1O[C@@H](O)[C@H](O)[C@@H](O)[C@H]1O	C(C1C(C(C(C(O1)O)O)O)O)O	1.0
TARA_ARC_108_MAG_00117	TARA_ARC_108_MAG_00117_000000000022_33	1.1.1.120	alpha-D-Galactose	OC[C@H]1O[C@H](O)[C@H](O)[C@@H](O)[C@H]1O	C(C1C(C(C(C(O1)O)O)O)O)O	1.0
TARA_ARC_108_MAG_00139	TARA_ARC_108_MAG_00139_000000000115_1	1.1.1.48	gal	OC[C@H]1OC(O)[C@H](O)[C@@H](O)[C@H]1O	C(C1C(C(C(C(O1)O)O)O)O)O	1.0
TARA_ARC_108_MAG_00139	TARA_ARC_108_MAG_00139_000000000115_1	1.1.1.48	cll_199	OC[C@H]1O[C@@H](O)[C@H](O)[C@@H](O)[C@H]1O	C(C1C(C(C(C(O1)O)O)O)O)O	1.0
TARA_ARC_108_MAG_00139	TARA_ARC_108_MAG_00139_000000000115_1	1.1.1.48	alpha-D-Galactose	OC[C@H]1O[C@H](O)[C@H](O)[C@@H](O)[C@H]1O	C(C1C(C(C(C(O1)O)O)O)O)O	1.0
TARA_ARC_108_MAG_00139	TARA_ARC_108_MAG_00139_000000000285_1	1.1.1.48	gal	OC[C@H]1OC(O)[C@H](O)[C@@H](O)[C@H]1O	C(C1C(C(C(C(O1)O)O)O)O)O	1.0
TARA_ARC_108_MAG_00139	TARA_ARC_108_MAG_00139_000000000285_1	1.1.1.48	cll_199	OC[C@H]1O[C@@H](O)[C@H](O)[C@@H](O)[C@H]1O	C(C1C(C(C(C(O1)O)O)O)O)O	1.0
TARA_ARC_108_MAG_00139	TARA_ARC_108_MAG_00139_000000000285_1	1.1.1.48	alpha-D-Galactose	OC[C@H]1O[C@H](O)[C@H](O)[C@@H](O)[C@H]1O	C(C1C(C(C(C(O1)O)O)O)O)O	1.0
TARA_ARC_108_MAG_00117	TARA_ARC_108_MAG_00117_000000000022_33	1.1.1.48	gal	OC[C@H]1OC(O)[C@H](O)[C@@H](O)[C@H]1O	C(C1C(C(C(C(O1)O)O)O)O)O	1.0
TARA_ARC_108_MAG_00117	TARA_ARC_108_MAG_00117_000000000022_33	1.1.1.48	cll_199	OC[C@H]1O[C@@H](O)[C@H](O)[C@@H](O)[C@H]1O	C(C1C(C(C(C(O1)O)O)O)O)O	1.0
TARA_ARC_108_MAG_00117	TARA_ARC_108_MAG_00117_000000000022_33	1.1.1.48	alpha-D-Galactose	OC[C@H]1O[C@H](O)[C@H](O)[C@@H](O)[C@H]1O	C(C1C(C(C(C(O1)O)O)O)O)O	1.0
TARA_ARC_108_MAG_00139	TARA_ARC_108_MAG_00139_000000000230_7	1.1.1.47	glc-D	OC[C@H]1OC(O)[C@H](O)[C@@H](O)[C@@H]1O	C(C1C(C(C(C(O1)O)O)O)O)O	1.0
TARA_ARC_108_MAG_00139	TARA_ARC_108_MAG_00139_000000000230_7	1.1.1.47	glc-D-B	OC[C@H]1O[C@@H](O)[C@H](O)[C@@H](O)[C@@H]1O	C(C1C(C(C(C(O1)O)O)O)O)O	1.0
TARA_ARC_108_MAG_00117	TARA_ARC_108_MAG_00117_000000000267_12	3.2.1.20	glc-D	OC[C@H]1OC(O)[C@H](O)[C@@H](O)[C@@H]1O	C(C1C(C(C(C(O1)O)O)O)O)O	1.0
TARA_ARC_108_MAG_00117	TARA_ARC_108_MAG_00117_000000000267_12	3.2.1.20	glc-D-B	OC[C@H]1O[C@@H](O)[C@H](O)[C@@H](O)[C@@H]1O	C(C1C(C(C(C(O1)O)O)O)O)O	1.0
TARA_ARC_108_MAG_00117	TARA_ARC_108_MAG_00117_000000000267_12	3.2.1.20	gal	OC[C@H]1OC(O)[C@H](O)[C@@H](O)[C@H]1O	C(C1C(C(C(C(O1)O)O)O)O)O	1.0
TARA_ARC_108_MAG_00117	TARA_ARC_108_MAG_00117_000000000267_12	3.2.1.20	alpha-D-Glucose	OC[C@H]1O[C@H](O)[C@H](O)[C@@H](O)[C@@H]1O	C(C1C(C(C(C(O1)O)O)O)O)O	1.0
TARA_ARC_108_MAG_00201	TARA_ARC_108_MAG_00201_000000000149_8	3.2.1.20	glc-D	OC[C@H]1OC(O)[C@H](O)[C@@H](O)[C@@H]1O	C(C1C(C(C(C(O1)O)O)O)O)O	1.0
TARA_ARC_108_MAG_00201	TARA_ARC_108_MAG_00201_000000000149_8	3.2.1.20	glc-D-B	OC[C@H]1O[C@@H](O)[C@H](O)[C@@H](O)[C@@H]1O	C(C1C(C(C(C(O1)O)O)O)O)O	1.0
TARA_ARC_108_MAG_00201	TARA_ARC_108_MAG_00201_000000000149_8	3.2.1.20	gal	OC[C@H]1OC(O)[C@H](O)[C@@H](O)[C@H]1O	C(C1C(C(C(C(O1)O)O)O)O)O	1.0
TARA_ARC_108_MAG_00201	TARA_ARC_108_MAG_00201_000000000149_8	3.2.1.20	alpha-D-Glucose	OC[C@H]1O[C@H](O)[C@H](O)[C@@H](O)[C@@H]1O	C(C1C(C(C(C(O1)O)O)O)O)O	1.0
TARA_ARC_108_MAG_00179	TARA_ARC_108_MAG_00179_000000000350_3	3.2.1.20	glc-D	OC[C@H]1OC(O)[C@H](O)[C@@H](O)[C@@H]1O	C(C1C(C(C(C(O1)O)O)O)O)O	1.0
TARA_ARC_108_MAG_00179	TARA_ARC_108_MAG_00179_000000000350_3	3.2.1.20	glc-D-B	OC[C@H]1O[C@@H](O)[C@H](O)[C@@H](O)[C@@H]1O	C(C1C(C(C(C(O1)O)O)O)O)O	1.0
TARA_ARC_108_MAG_00179	TARA_ARC_108_MAG_00179_000000000350_3	3.2.1.20	gal	OC[C@H]1OC(O)[C@H](O)[C@@H](O)[C@H]1O	C(C1C(C(C(C(O1)O)O)O)O)O	1.0
TARA_ARC_108_MAG_00179	TARA_ARC_108_MAG_00179_000000000350_3	3.2.1.20	alpha-D-Glucose	OC[C@H]1O[C@H](O)[C@H](O)[C@@H](O)[C@@H]1O	C(C1C(C(C(C(O1)O)O)O)O)O	1.0
TARA_ARC_108_MAG_00201	TARA_ARC_108_MAG_00201_000000000022_11	3.1.3.10	glc-D	OC[C@H]1OC(O)[C@H](O)[C@@H](O)[C@@H]1O	C(C1C(C(C(C(O1)O)O)O)O)O	1.0
TARA_ARC_108_MAG_00201	TARA_ARC_108_MAG_00201_000000000022_11	3.1.3.10	glc-D-B	OC[C@H]1O[C@@H](O)[C@H](O)[C@@H](O)[C@@H]1O	C(C1C(C(C(C(O1)O)O)O)O)O	1.0
TARA_ARC_108_MAG_00201	TARA_ARC_108_MAG_00201_000000000022_11	3.1.3.10	gal	OC[C@H]1OC(O)[C@H](O)[C@@H](O)[C@H]1O	C(C1C(C(C(C(O1)O)O)O)O)O	1.0
TARA_ARC_108_MAG_00201	TARA_ARC_108_MAG_00201_000000000022_11	3.1.3.10	alpha-D-Glucose	OC[C@H]1O[C@H](O)[C@H](O)[C@@H](O)[C@@H]1O	C(C1C(C(C(C(O1)O)O)O)O)O	1.0
TARA_ARC_108_MAG_00201	TARA_ARC_108_MAG_00201_000000000114_9	2.7.1.63	glc-D	OC[C@H]1OC(O)[C@H](O)[C@@H](O)[C@@H]1O	C(C1C(C(C(C(O1)O)O)O)O)O	1.0
TARA_ARC_108_MAG_00201	TARA_ARC_108_MAG_00201_000000000114_9	2.7.1.63	glc-D-B	OC[C@H]1O[C@@H](O)[C@H](O)[C@@H](O)[C@@H]1O	C(C1C(C(C(C(O1)O)O)O)O)O	1.0
TARA_ARC_108_MAG_00201	TARA_ARC_108_MAG_00201_000000000114_9	2.7.1.63	alpha-D-Glucose	OC[C@H]1O[C@H](O)[C@H](O)[C@@H](O)[C@@H]1O	C(C1C(C(C(C(O1)O)O)O)O)O	1.0
